title,price,img
Oculus Rift S PC-Powered VR Gaming Headset,Null,https://m.media-amazon.com/images/I/71URNvzoWqL._AC_UY218_.jpg
Oculus Quest 2 — Advanced All-in-One Virtual Reality Headset — 64 GB (UK Model),$551.68,https://m.media-amazon.com/images/I/615YaAiA-ML._AC_UY218_.jpg
Oculus Go Standalone Virtual Reality Headset - 64GB,$471.99,https://m.media-amazon.com/images/I/610iXon9LfL._AC_UY218_.jpg
Oculus Rift S PC-Powered VR Gaming Headset,Null,https://m.media-amazon.com/images/I/71URNvzoWqL._AC_UY218_.jpg
Oculus Rift - Virtual Reality Headset,Null,https://m.media-amazon.com/images/I/61ahfXnBa0L._AC_UY218_.jpg
Oculus Quest 2 — Advanced All-In-One Virtual Reality Headset — 128 GB,$299.00,https://m.media-amazon.com/images/I/615YaAiA-ML._AC_UY218_.jpg
Oculus Quest 2 — Advanced All-In-One Virtual Reality Headset — 256 GB,$399.00,https://m.media-amazon.com/images/I/61kwRNPtMpL._AC_UY218_.jpg
Oculus Sensor (Includes 16Ft. Repeater Cable),Null,https://m.media-amazon.com/images/I/71tcYBLS-iL._AC_UY218_.jpg
Oculus Quest 2 Carrying Case & Face Cover - Waterproof. Portable Protection - Fit for Elite Strap. Halo Strap and VR Accessories - Travel Crossbody Backpack Shoulder Bag (Black),Null,https://m.media-amazon.com/images/I/71RiEW1LNUL._AC_UY218_.jpg
BOBOVR M2 Head Strap for Oculus Quest 2.Replacement for Elite Strap.Reduce Face Pressure Comfortable Touch,Null,https://m.media-amazon.com/images/I/61VrCAu2rcS._AC_UY218_.jpg
Ahroy VR Shell Front Face Protector Cover for Oculus Quest 2 with Black Lens Protector Dust Proof Washable Oculus Quest 2 Silicone Protector Case,Null,https://m.media-amazon.com/images/I/61U8Zrvp6DL._AC_UY218_.jpg
Oculus Quest 2 Accessories . Elite Strap for Oculus Quest 2 - Split type detachable free adjusting structure - Comfortable Protective Strap for Oculus Quest2 - White,Null,https://m.media-amazon.com/images/I/51kMf69p-SS._AC_UY218_.jpg
Oculus Quest 2 Head Strap. Oculus Quest 2 Elite Strap Replacement. Oculus Quest 2 Accessories Head Strap. Reduce Stress and Distribute Weight,Null,https://m.media-amazon.com/images/I/61sAraHJrpL._AC_UY218_.jpg
Oculus Quest Travel Case (301-00199-01),Null,https://m.media-amazon.com/images/I/91JY+4F-6iL._AC_UY218_.jpg
Elite Strap for Oculus Quest 2. Adjustable for Head Strap. Exclusive Designed Strap-Type Power Supply Bracket for Longer Game Time. Enhance Support and Reduce Pressure,Null,https://m.media-amazon.com/images/I/611kxt-GK2S._AC_UY218_.jpg
Oculus Quest 2 Link Cable Charger Accessories16ft. Oculus VR Cord. Reality High Speed Data Transfer Fast Charging USB C Cable for Oculus Quest Headset and Gaming PC (16FT Quest Link Cable),Null,https://m.media-amazon.com/images/I/319A3QtM0cS._AC_UY218_.jpg
Oculus Quest 2 — Advanced All-In-One Virtual Reality Headset — 256 GB,$399.00,https://m.media-amazon.com/images/I/61kwRNPtMpL._AC_UY218_.jpg
Oculus Quest 2 Elite Strap with Battery for Enhanced Comfort and Playtime in VR,$109.00,https://m.media-amazon.com/images/I/61h84rM9w3L._AC_UY218_.jpg
Oculus Quest 2 Link Cable. Daugee 16ft USB 3.2 Gen 1 Oculus Link Cable with Extra USB C to USB Adapter. High Speed PC Data Transfer & Fast Charging Nylon Braided Compatible for VR Headset Gaming PC,Null,https://m.media-amazon.com/images/I/81BrL7fVAlL._AC_UY218_.jpg
Compatible for Oculus Quest 2 Link Cable 20FT USB 3.0 Type C to C. Kuject Nylon Braided Long PC Connect Power Data Extension Charging Cord Sliver. Virtual Reality Gaming Accessories for Oculus Quest,Null,https://m.media-amazon.com/images/I/816gx2hInqL._AC_UY218_.jpg
AMVR Touch Controller Grip Anti-Throw Strap Accessories for Oculus Quest 2 with Battery Opening. Adjustable Wrist Knuckle Strap (Gray),Null,https://m.media-amazon.com/images/I/51Uv+gSGAwL._AC_UY218_.jpg
BUSQUEDA Elite Strap with Battery for Oculus Quest 2.8000mAh Extend 7hrs Playtime.Fast Charging VR Power.Counter Balance&Adjustable Head Strap for Enhanced Support and Comfort in VR,Null,https://m.media-amazon.com/images/I/51jWfu1zvAL._AC_UY218_.jpg
Oculus Quest Link Cable 20FT. Compatible for Oculus Quest 2 Link Cable. Fatorm USB 3.2 Gen1 VR Headset Cable. Type A to C High Speed Data Transfer Charging Cord for Gaming PC & USB C Chargers.,Null,https://m.media-amazon.com/images/I/81QlrV2zWQL._AC_UY218_.jpg
Oculus Quest 2 Case BCHINER Design Carrying Case for Travel and Home Storage Oculus Quest 2 Basic and Official Elite Version VR Gaming Headset and Touch Controllers Accessories,Null,https://m.media-amazon.com/images/I/817zgazVtES._AC_UY218_.jpg
Virtual Reality. Pimax Artisan VR Headset for PC VR. Steam VR Beginners,Null,https://m.media-amazon.com/images/I/41C5RTibeoL._AC_UY218_.jpg
Link Cable 16 FT (3M) Compatible with Oculus Quest 2 - High Speed PC Data Transfer & Fast Charging USB C 3.2 Gen1 Cable - PC VR,Null,https://m.media-amazon.com/images/I/711NtunVwOL._AC_UY218_.jpg
Comfortable Protective halo Strap accessories for Oculus Quest 2 Head Strap Virtual Reality Glasses - Adjustable Head Strap Headband Enhanced Support and Reduce Head Pressure in VR gaming Headset,Null,https://m.media-amazon.com/images/I/51OFizX7LpL._AC_UY218_.jpg
HTC Vive Deluxe Audio Strap,Null,https://m.media-amazon.com/images/I/71HP+1-GnKL._AC_UY218_.jpg
Oculus Quest 2 Case JSVER Carrying Case for Quest 2 Elite Strap/Third Party Head Straps. Touch Controllers. Battery. Hard Shell Travel Protective Case for Quest 2 Accessories (Black),Null,https://m.media-amazon.com/images/I/614oqkWjCQL._AC_UY218_.jpg
3D VR Virtual Reality Headset. VR Glasses Goggles w/ Bluetooth Headphone [Newest] for iPhone 12 11 Pro Max Mini X R S 8 7 Samsung Galaxy S10 S9 S8 S7 Edge Note/A 10 9 8 + etc 4.7-6.2" Cellphone. White,Null,https://m.media-amazon.com/images/I/61vwOEh4zkL._AC_UY218_.jpg
Oculus Quest 2 Halo Strap and Silicone Face Cover - Adjustable Replacement for Quest 2 Elite Strap - Relieved Face ​Pressure Comfortable Touch - Oculus Quest 2 VR Accessories Head Strap (White),Null,https://m.media-amazon.com/images/I/61+2kaHqXZL._AC_UY218_.jpg
YBHMO Adjustable Head Strap Compatible for Oculus Quest 2.Oculus Quest 2 Elite Strap Replacement.Enhanced Support and Comfort in VR,Null,https://m.media-amazon.com/images/I/51YeJBF2FvS._AC_UY218_.jpg
Carrying Case for Oculus Quest 2. Hard Travel Case for Oculus Quest 2 VR Headset and Controllers Acessories Protective Crossbody Shoulder Chest Backpack Fit for Elite Strap with Storage Bag,Null,https://m.media-amazon.com/images/I/71sx+zAMnBL._AC_UY218_.jpg
Oculus Quest 2 Elite Strap Replacement - Adjustable Head Strap Headband Enhanced Support and Reduce Head Pressure in VR Gaming Headset - Halo Strap Accessories for Quest2,Null,https://m.media-amazon.com/images/I/61th8UtSAPS._AC_UY218_.jpg
Oculus Quest 2 Elite Strap for Enhanced Support and Comfort in VR,$49.00,https://m.media-amazon.com/images/I/61LEKcD4xTL._AC_UY218_.jpg
Oculus Quest 2 Fit Pack with Two Alternate-Width Facial Interfaces and Light Blockers - VR,$39.00,https://m.media-amazon.com/images/I/61pN9xHTIJL._AC_UY218_.jpg
Aixoto Head Strap for Oculus Quest 2. Updated Adjustable Halo Strap. Replacement for Elite Strap. Less Pressure on Your Face. Comfortable VR Accessories,Null,https://m.media-amazon.com/images/I/61WwP8YhQqL._AC_UY218_.jpg
VR Headset Compatible with iPhone & Android + Built-in Button | Video Goggles for 4.7”-6.5” Cell Phone - Best Set Glasses | Gift for Kids and Adults for 3D Gaming and Videos,Null,https://m.media-amazon.com/images/I/7198s81XS5L._AC_UY218_.jpg
MYJK Clip On VR Headphones Accessories for Oculus Quest 2 Headset- Improved Sound Quality with Stereo and Bass - Fit only Stock Strap and Elite Strap - NOT Fit Third Party Straps(for Quest 2),Null,https://m.media-amazon.com/images/I/71Qz6VQ9qBL._AC_UY218_.jpg
Oculus Quest 2 Carrying Case for Lightweight. Portable Protection - VR,$49.00,https://m.media-amazon.com/images/I/71cEbzoglsL._AC_UY218_.jpg
Oculus Link Virtual Reality Headset Cable for Quest 2 and Quest - 16FT (5M) - PC VR,$79.00,https://m.media-amazon.com/images/I/61Ebwh4O4fL._AC_UY218_.jpg
VR Goggles. Head-Mounted VR Glasses. Suitable for iPhone and Android Phones. Effectively Protect Your Eyesight,Null,https://m.media-amazon.com/images/I/61wnUf6BpSL._AC_UY218_.jpg
Esimen VR Face Silicone Mask & Face Cover for Oculus Quest 2 Face Pad Cushion Sweatproof Lightproof (Black),Null,https://m.media-amazon.com/images/I/51d3YBcOoKL._AC_UY218_.jpg
Amazon Basics 6-Outlet Surge Protector Power Strip. 6-Foot Long Cord. 790 Joule - Black,$8.29,https://m.media-amazon.com/images/I/71+kTOfLD2L._AC_UL320_.jpg
Amazon Basics 6-Outlet Surge Protector Power Strip. 6-Foot Long Cord. 790 Joule - White,$7.89,https://m.media-amazon.com/images/I/71-N0PxSwJL._AC_UL320_.jpg
Amazon Basics Nylon USB-A to Lightning Cable Cord. MFi Certified Charger for Apple iPhone. iPad. Dark Gray. 6-Ft. 2-Pack,$21.99,https://m.media-amazon.com/images/I/61stA5Z9W0L._AC_UL320_.jpg
Amazon Basics 48 Pack AA High-Performance Alkaline Batteries. 10-Year Shelf Life. Easy to Open Value Pack,$14.99,https://m.media-amazon.com/images/I/71IdKRlm8+L._AC_UL320_.jpg
Amazon Basics Foldable. 14" Black Metal Platform Bed Frame with Tool-Free Assembly. No Box Spring Needed - Full,$92.99,https://m.media-amazon.com/images/I/71Fszm+e3fL._AC_UL320_.jpg
AmazonBasics 5-Shelf Shelving Storage Unit on 4'' Wheel Casters . Chrome Silver (30L x 14W x 64.75H) & 4-Shelf Shelving Storage Unit on 3'' Wheel Casters. Chrome Silver (36L x 14W x 57.75H),Null,https://m.media-amazon.com/images/I/61ANTK-DDNS._AC_UL320_.jpg
Amazon Basics Shiatsu Neck and Shoulder Massager with Infrared Heat and Deep Kneading Rotation for Use at Home or On the Go - Blue,$47.52,https://m.media-amazon.com/images/I/91giRdnVW4L._AC_UL320_.jpg
Amazon Basics Expandable Metal Hanging Storage Organizer Rack Wardrobe with Shelves. 14"-63" x 58"-72". Chrome,$116.71,https://m.media-amazon.com/images/I/81aY68LLpEL._AC_UL320_.jpg
Amazon Basic Care Esomeprazole Magnesium Delayed Release Capsules. 20 mg. Acid Reducer. 42 Count,Null,https://m.media-amazon.com/images/I/61AzHZ6U+8L._AC_UL320_.jpg
AmazonBasics 48-Foot LED Commercial Grade Outdoor String Lights with 16 Edison Style S14 LED Soft White Bulbs - Black Cord,$44.15,https://m.media-amazon.com/images/I/710ltPQUfbL._AC_UL320_.jpg
Amazon Basics 100ml Ultrasonic Aromatherapy Essential Oil Diffuser. Classic Wood Grain Finish Base. with 7-Color Night Light,$18.49,https://m.media-amazon.com/images/I/61YeZROP1yL._AC_UL320_.jpg
Amazon Basic Care Omeprazole Delayed Release Tablets 20 mg. Acid Reducer. Wildberry Mint Coated Tablet. 42 Count,Null,https://m.media-amazon.com/images/I/61eofjyeO2L._AC_UL320_.jpg
Amazon Basics 4-Stage Reverse Osmosis Home Drinking Water System,$238.00,https://m.media-amazon.com/images/I/81iMHrpqygL._AC_UL320_.jpg
Amazon Basics Glass Food Storage. 16-Piece Set. 8 Containers and 8 BPA-Free Lids,$21.99,https://m.media-amazon.com/images/I/81CoitBb9DL._AC_UL320_.jpg
Amazon Basics 6-Outlet Surge Protector Power Cord Strip. 790 Joule. White. 10-Pack,$95.49,https://m.media-amazon.com/images/I/81xhFo7Pp4L._AC_UL320_.jpg
Amazon Basics Kids Unicorns & Rainbows Patterned Throw Blanket with Stuffed Animal Unicorn,$22.99,https://m.media-amazon.com/images/I/81Fv47M5u5L._AC_UL320_.jpg
Amazon Basics Kids Ultra-Soft Micromink Sherpa Blanket - Throw. Midnight Blue,$22.99,https://m.media-amazon.com/images/I/81ET5Y7uyKL._AC_UL320_.jpg
AmazonBasics Baby & Toddler Car Back Seat Safety Jumbo Mirror,$9.68,https://m.media-amazon.com/images/I/81Nl9WuqZaS._AC_UL320_.jpg
Amazon Basics White. Curved Back Dining Chair-Set of 2. Premium Plastic,$89.00,https://m.media-amazon.com/images/I/51GuiZTc-jL._AC_UL320_.jpg
Amazon Basics 36 Pack AA High-Performance Alkaline Batteries. 10-Year Shelf Life. Easy to Open Value Pack,$14.99,https://m.media-amazon.com/images/I/71ZhV9NwbmL._AC_UL320_.jpg
Amazon Basic Care Nutrisure Original Nutrition Shake. Milk Chocolate Flavor. 8 Fl Oz (Pack of 24),Null,https://m.media-amazon.com/images/I/71amiXqsqWS._AC_UL320_.jpg
Amazon Basic Care Naproxen Sodium Tablets. 300 Count,Null,https://m.media-amazon.com/images/I/71TDu1rY2WL._AC_UL320_.jpg
Amazon Basics Ergonomic Adjustable High-Back Mesh Chair with Flip-Up Arms and Headrest. Contoured Mesh Seat - Grey,$159.99,https://m.media-amazon.com/images/I/81c2GNf3yDS._AC_UL320_.jpg
Amazon Basics Ultrasonic Cool Mist Humidifier with Essential Oil Diffuser and Nightlight. Knob Control - 4 Liter. Black,$34.99,https://m.media-amazon.com/images/I/71n3DlokliL._AC_UL320_.jpg
Amazon Basics 15-Removable Compartment Professional Organizer,$17.80,https://m.media-amazon.com/images/I/71EgFhcNYrL._AC_UL320_.jpg
Amazon Basics ABS USB-A to Lightning Cable Cord. MFi Certified Charger for Apple iPhone. iPad. Midnight Green. 6-Ft,$7.99,https://m.media-amazon.com/images/I/61m0FVe5nLL._AC_UL320_.jpg
Amazon Basics Modern Armless Office Desk Chair - Height Adjustable. 360-Degree Swivel. 275Lb Capacity - White/Chrome,$75.99,https://m.media-amazon.com/images/I/61V4s1HVqUL._AC_UL320_.jpg
Amazon Basics Gaming Computer Mouse Pad - Black,$7.53,https://m.media-amazon.com/images/I/91G5CPWSLZL._AC_UL320_.jpg
Amazon Basics Non-Scratch Sponges. 6-Pack,$4.48,https://m.media-amazon.com/images/I/81mT+RDBWZL._AC_UL320_.jpg
Amazon Basics Kids Bedding Nap Set with Llama Pillow and Fleece Throw Blanket,$24.99,https://m.media-amazon.com/images/I/71JryAghqiL._AC_UL320_.jpg
Duracell Optimum AA Batteries | 18 Count Pack | Lasting Power Double A Battery | Resealable Package for Storage | Alkaline AA Battery Ideal for Household and Office Devices,$14.42,https://m.media-amazon.com/images/I/71x78cA0+1S._AC_UL320_.jpg
DELTA 79735-RB. 3.88 x 2.50 x 3.88 Inches. Venetian Bronze,$21.92,https://m.media-amazon.com/images/I/71TMrqkFqjL._AC_UL320_.jpg
Amazon Basics 10" Modern Metal Platform Bed with Wood Slat Support - Mattress Foundation - No Box Spring Needed. Queen,Null,https://m.media-amazon.com/images/I/71vrhOPmXLL._AC_UL320_.jpg
Amazon Basics 1500W Oscillating Ceramic Heater with Adjustable Thermostat. Silver,$30.38,https://m.media-amazon.com/images/I/81YuJHDIp6L._AC_UL320_.jpg
Amazon Basics 48-Piece General Household Home Repair and Mechanic's Hand Tool Kit Set,$33.65,https://m.media-amazon.com/images/I/810KeTS5OPL._AC_UL320_.jpg
Amazon Basics Professional USB Condenser Microphone with Volume Control and OLED Screen - Black,$97.50,https://m.media-amazon.com/images/I/61aCwunoTkL._AC_UL320_.jpg
Amazon Basics L-Shape Computer Desk with Shelves for Storage. 54.3 Inch. Espresso with Black Frame,Null,https://m.media-amazon.com/images/I/71fXDLIiSuL._AC_UL320_.jpg
Amazon Basics Vacuum Seal System. White,$49.99,https://m.media-amazon.com/images/I/71rmWjs-1LL._AC_UL320_.jpg
AmazonBasics 5-Shelf Shelving Storage Unit on 4'' Wheel Casters. Black (30L x 14W x 64.75H) & 3-Shelf Heavy Duty Shelving Storage Unit on 2' Wheel Casters. Black (23.2L x 13.4W x 32.75H),Null,https://m.media-amazon.com/images/I/613d2J0BVKS._AC_UL320_.jpg
Amazon Basics Cabinet Style Space Heater. Brown Wood Grain Finish. 1500W,$104.99,https://m.media-amazon.com/images/I/819o77ir4zL._AC_UL320_.jpg
Amazon Basics Tritan 22 Piece (11 Containers and 11 Lids) Locking Food Storage Container - Clear,$34.99,https://m.media-amazon.com/images/I/811RbXeLjNL._AC_UL320_.jpg
Amazon Basics - 128GB microSDXC Memory Card with Full Size Adapter. A2. U3. read speed up to 100 MB/s,$19.99,https://m.media-amazon.com/images/I/61+XcFyL8RL._AC_UL320_.jpg
Amazon Basics USB Type-C to USB-A Male 3.1 Gen2 Adapter Charger Cable - 3 Feet (0.9 Meters) - Black,$9.74,https://m.media-amazon.com/images/I/61nVxhz82AL._AC_UL320_.jpg
Amazon Basics Oven Safe Glass Baking and Food Storage Dish Set with BPA-Free Lids. Set of 3. Rectangle. Square and Round,$25.99,https://m.media-amazon.com/images/I/81A9VdwWZFL._AC_UL320_.jpg
Amazon Basics 36 Pack AAA High-Performance Alkaline Batteries. 10-Year Shelf Life. Easy to Open Value Pack,$10.99,https://m.media-amazon.com/images/I/71nDX36Y9UL._AC_UL320_.jpg
Amazon Basics Heavy-Duty Extension Dual Arm. Full Motion Articulating TV Mount for 37-80 inch TVs up to 132 lbs. fits LED LCD OLED Flat Curved Screens,$85.84,https://m.media-amazon.com/images/I/81kAH4NrajL._AC_UL320_.jpg
Amazon Basics Charging Station Dock for 4 Nintendo Switch Joy-con Controllers - 2.6 Foot Cable. Black,$16.76,https://m.media-amazon.com/images/I/71SQSraI7rL._AC_UL320_.jpg
Amazon Basics Wired Computer Keyboard and Wired Mouse . 10-Pack,$121.12,https://m.media-amazon.com/images/I/81Z882NR-ZL._AC_UL320_.jpg
Amazon Basics Kids Fleece Tail Blanket - 26'' x 56''. Blue Mermaid,$14.99,https://m.media-amazon.com/images/I/91KIiw6O0IL._AC_UL320_.jpg
Amazon Basics 5-Shelf Adjustable. Heavy Duty Storage Shelving Unit (350 lbs loading capacity per shelf). Steel Organizer Wire Rack. Black (36L x 14W x 72H),$71.47,https://m.media-amazon.com/images/I/71Xk6G0O7cL._AC_UL320_.jpg
Amazon Basic Care Ibuprofen Liquid Gels 200 mg. Pain Reliever/Fever Reducer (Liquid Filled Capsules). 160 Count,Null,https://m.media-amazon.com/images/I/71yEtXkI2uL._AC_UL320_.jpg
Amazon Basics Door Reinforcement Lock - 2-Pack. Brushed Nickel,$21.05,https://m.media-amazon.com/images/I/61WAXKfzN8L._AC_UL320_.jpg
Amazon Basics Waterproof Ski Boot Bag - 14 x 18 x 14.5 Inches. Black . . One-Size,$43.99,https://m.media-amazon.com/images/I/A13sJ0AGtLL._AC_UL320_.jpg
Amazon Basics Portable Foldable Photo Studio Box with LED Light - 25 x 30 x 25 Inches,$122.76,https://m.media-amazon.com/images/I/711x+T7smzL._AC_UL320_.jpg
Amazon Basics AB-BR840-FB Towel Bar-Standard. 24-Inch. Flat Black,$22.99,https://m.media-amazon.com/images/I/51c+cDXI-oL._AC_UL320_.jpg
Amazon Basics Kids Laughing Lions Patterned Throw Blanket with Stuffed Animal Lion,$22.99,https://m.media-amazon.com/images/I/81MMaAPTebL._AC_UL320_.jpg
Amazon Basics Wall-Mounted Recessed Electric Fireplace - 42-Inch. Black,Null,https://m.media-amazon.com/images/I/61Z4vA1MLEL._AC_UL320_.jpg
Bankers Box STOR/File Storage Boxes. Standard Set-Up. Lift-Off Lid. Letter/Legal. Case of 30 (0071304),$64.99,https://m.media-amazon.com/images/I/71HVl6WIVWL._AC_UL320_.jpg
Casper Sleep Foam Pillow for Sleeping. King. White,$106.99,https://m.media-amazon.com/images/I/51HNrlYVXNL._AC_UL320_.jpg
Amazon Basics Sheer Window Panel Pair with Grommets - 50" x 84". Classic Dark Grey,$23.99,https://m.media-amazon.com/images/I/8111jn9VS8L._AC_UL320_.jpg
Chefman 1.7 Liter Electric Kettle With Tea Infuser. Cordless With Removable Lid And 360 Swivel Base. LED Indicator Lights,$39.99,https://m.media-amazon.com/images/I/71JtmbgEcHL._AC_UL320_.jpg
Royale Linens Soft Tees Cotton Modal Jersey Knit Sheet Set. Queen. Aqua,$41.20,https://m.media-amazon.com/images/I/61wUFNV1UFL._AC_UL320_.jpg
Energizer Rechargeable D Batteries. NiMH. 2500 mAh. 2 count (NH50BP-2) Green and Silver,$10.99,https://m.media-amazon.com/images/I/8122GFtAJUL._AC_UL320_.jpg
Merten & Storck German Enameled Iron 1873 Aegean Teal Dutch Oven. 5.3QT,$159.99,https://m.media-amazon.com/images/I/71KeWLRIQSL._AC_UL320_.jpg
ZERLA Microfiber Glass Cleaning Cloths Streak Free - Lint Free - Quickly Clean Windows. Windshields. Mirrors. and Stainless Steel- 6 Pack,$13.99,https://m.media-amazon.com/images/I/71VgoJD-2hL._AC_UL320_.jpg
Ergotech Heavy Duty Freedom Arm. Includes Single Aluminum Heavy Duty Articulating Arm. 20-30.8 lbs. Weight Capacity. Suitable for Monitors up to 27 inches. VESA Compatible 75×75. 100×100. Silver,$83.99,https://m.media-amazon.com/images/I/71i+DD6ddIL._AC_UL320_.jpg
Amazon Basics 3-Button USB Wired Computer Mouse (Black). 1-Pack,$10.63,https://m.media-amazon.com/images/I/61i0CV-tKpL._AC_UL320_.jpg
Amazon Basics iPhone Charger Cable. Nylon USB-A to Lightning. MFi Certified. for Apple iPhone. iPad. 10.000 Bend Lifespan - Rose Gold. 3-Ft,$12.99,https://m.media-amazon.com/images/I/61Jp00B7GGL._AC_UL320_.jpg
AmazonBasics Lighting to USB A Cable for iPhone and iPad - 10 Feet (3 Meters) - White,$11.99,https://m.media-amazon.com/images/I/613Wvm+VqKL._AC_UL320_.jpg
Amazon Basics Cat Pad Refills for Litter Box,$33.00,https://m.media-amazon.com/images/I/81ZXwrGL0UL._AC_UL320_.jpg
AmazonBasics Full Synthetic Motor Oil - 0W-20 - 5 Quart,Null,https://m.media-amazon.com/images/I/71Z2UNSggoL._AC_UL320_.jpg
Amazon Basic Care Children's Cold and Cough. Red Grape Flavor; Cold Medicine for Kids. 8 Ounces,Null,https://m.media-amazon.com/images/I/813kqmE8u-L._AC_UL320_.jpg
Energizer MAX D Batteries. Premium Alkaline D Cell Batteries (12 Battery Count),$17.76,https://m.media-amazon.com/images/I/71Yqn81Vw6L._AC_UL320_.jpg
Amazon Basics Sheer Window Panel Pair with Grommets - 50" x 95". Painterly Grid Grey and White,$29.99,https://m.media-amazon.com/images/I/91a+84Q6RXL._AC_UL320_.jpg
Sweet Home Collection 1800 Thread Count 21" DEEP Pocket Sheet Soft Egyptian Quality Brushed Microfiber Luxury Bedding Set with Flat. Fitted. 2 Pillow Cases. Extra Twin. Beige,$26.99,https://m.media-amazon.com/images/I/61FSR0emVtL._AC_UL320_.jpg
Addington Park 31779 Cartagena Collection 6-Light Modern Chandelier with Glossy White Glass Shades. Dark Bronze Finish,$61.16,https://m.media-amazon.com/images/I/61zJKxrKQ6L._AC_UL320_.jpg
Amazon Basics Carry-On Travel Backpack - Black,$53.97,https://m.media-amazon.com/images/I/81+ADtxHDkL._AC_UL320_.jpg
AmazonBasics 5-Shelf Shelving Storage Unit on 4'' Wheel Casters . Chrome Silver (30L x 14W x 64.75H) & 3-Shelf Heavy Duty Shelving Storage Unit on 2' Wheel Casters. Chrome (23.2L x 13.4W x 32.75H),Null,https://m.media-amazon.com/images/I/41zsJ9vmI8S._AC_UL320_.jpg
Amazon Basics Reversible Comforter Set. Full / Queen. Navy Rugby Stripes. Microfiber. Ultra-Soft,$34.99,https://m.media-amazon.com/images/I/81M-JetOqTL._AC_UL320_.jpg
Amazon Basics RJ45 Cat-6 Gigabit Ethernet Patch Internet Cable - 5 Feet (10 Pack),$12.87,https://m.media-amazon.com/images/I/71i8zvfY1WL._AC_UL320_.jpg
Amazon Basics Adjustable Standing Mobile Laptop Storage Cart with Shelves - Espresso. 21.5 x 15.7 x 30-45.3-Inches,$51.75,https://m.media-amazon.com/images/I/61lhxyQg5JL._AC_UL320_.jpg
Amazon Basics 3.2 Quart Compact Multi-Functional Air Fryer,$59.99,https://m.media-amazon.com/images/I/71H8btY1jlL._AC_UL320_.jpg
Household Essentials 311322 Hanging Shoe Storage Organizer for Closets |10 Pocket Shelves | Natural Canvas,$17.29,https://m.media-amazon.com/images/I/412V295NazL._AC_UL320_.jpg
Way Basics Modular Connect Door Cube Cubby Stackable Storage Closet Organizer Display Shelf (Tool-Free Assembly and Uniquely Crafted from Sustainable Non Toxic zBoard Paperboard). Espresso,$30.99,https://m.media-amazon.com/images/I/91ioNFO3bFS._AC_UL320_.jpg
Popular Bath Waffle Weave. 17"x 36" with Pillow. Grey,$9.04,https://m.media-amazon.com/images/I/81zRaqtm-KL._AC_UL320_.jpg
Circleware Circles Drinking Glasses. Set of 4. 17 Ounce,$14.99,https://m.media-amazon.com/images/I/81FOdCLMHYL._AC_UL320_.jpg
Amazon Basics Height-Adjustable Gaming Desk with Raised Monitor Shelf - Black,Null,https://m.media-amazon.com/images/I/61HA8ko3EkS._AC_UL320_.jpg
Amazon Basics Double Nylon Braided Lightning to USB Cable - MFi Certified Apple iPhone Charger. 20.000 Bend Lifespan - Dark Gray. 3-Ft,$9.99,https://m.media-amazon.com/images/I/61w9XauNTQL._AC_UL320_.jpg
Amazon Basics 100% Cotton Terry Kitchen Dish Cloths. Popcorn Texture - 8-Pack. Grey.,$11.99,https://m.media-amazon.com/images/I/81spkGh76tL._AC_UL320_.jpg
Amazon Basics Ridgecrest 16-Piece Old Fashioned and Coolers Glass Drinkware Set,$29.99,https://m.media-amazon.com/images/I/71jEbqLySbL._AC_UL320_.jpg
Amazon Basics Hard Shell Carry and Storage Case for Nintendo NES Classic - 8 x 8 x 3 Inches. Black,$17.99,https://m.media-amazon.com/images/I/91KQXx13bEL._AC_UL320_.jpg
Amazon Basics Flextra Tall Kitchen Drawstring Trash Bags. 13 Gallon. 120 Count,$16.19,https://m.media-amazon.com/images/I/71HZD58gIIL._AC_UL320_.jpg
Deco 79 Accent Table. 20" L x 20" W x 25" H. White,$99.99,https://m.media-amazon.com/images/I/91NUUQDKNqS._AC_UL320_.jpg
Way Basics Cubby Stackable Storage Closet Organizer Display Shelf (Tool-Free Assembly and Uniquely Crafted from Sustainable Non Toxic zBoard Paperboard). D : 11.2" H : 12.6" W : 13.4". Espresso,$22.39,https://m.media-amazon.com/images/I/81QpmAbRXRL._AC_UL320_.jpg
Soiree Double Old Fashioned Whiskey Glasses. Set of 6. 15 oz. Clear,$27.39,https://m.media-amazon.com/images/I/71xjFBelvFL._AC_UL320_.jpg
Circleware Pavillion Double Old Fashioned Whiskey Glasses. Set of 4. 13 ounce. Clear,$17.36,https://m.media-amazon.com/images/I/61b8BCRjE4L._AC_UL320_.jpg
Amazon Basics 6 Outlet. Wall Mount Surge Protector. Power Strip. 2 USB ports 3.4A. 1080 Joules,$14.99,https://m.media-amazon.com/images/I/51BEN7wlRJL._AC_UL320_.jpg
Amazon Basics USB 2.0 Active Extension Cable Type A-Male to A-Female Long Cord - 32 Feet (9.75 Meters),$12.39,https://m.media-amazon.com/images/I/71I7FCjw4eL._AC_UL320_.jpg
Amazon Basics Games Case Pack. Fruit & Veggie Domino (Gradient). Balancing Monkeys. Balancing Boat. Tower Tumbling. Balancing Cactus,$40.56,https://m.media-amazon.com/images/I/614K65YEyiL._AC_UL320_.jpg
Southpole Men's Basic Fleece Jogger Pant-Reg and Big & Tall Sizes,$16.99,https://m.media-amazon.com/images/I/81Kh6IYXfAS._AC_UL320_.jpg
Amazon Basics Permanent ID Labels for Laser and Inkjet Printers. 1.25 x 1.75 Inch. White. 480-Pack,$7.25,https://m.media-amazon.com/images/I/712cb+9oOPL._AC_UL320_.jpg
Amazon Basics Collapsible Fabric Storage Cubes with Oval Grommets - 6-Pack. Light Grey,$20.99,https://m.media-amazon.com/images/I/81i10+pt9wL._AC_UL320_.jpg
Circleware Thermax set of 2-13.8 Oz. Double-Wall Insulated Multi Purpose drinking glasses Home and Kitchen Utensils. 13.8oz,$16.01,https://m.media-amazon.com/images/I/71OM4U-36GL._AC_UL320_.jpg
Circleware Basic Stemless White-Red Wine Drinking Glasses. Set of 4. 16 ounce. Limited Edition Glassware,$16.41,https://m.media-amazon.com/images/I/71DVyvV01sL._AC_UL320_.jpg
Band-Aid Brand Flexible Fabric Adhesive Bandages for Wound Care and First Aid. All One Size. 100 Count,$6.88,https://m.media-amazon.com/images/I/814wuzoB-7L._AC_UL320_.jpg
Energizer MAX C Batteries. Premium Alkaline C Cell Batteries (12 Battery Count),$17.76,https://m.media-amazon.com/images/I/71Xx8mm5TmL._AC_UL320_.jpg
Amazon Basics External Hard Drive Portable Carrying Case,$9.46,https://m.media-amazon.com/images/I/81CNNi09RxS._AC_UL320_.jpg
Amazon Basics Clear Thermal Laminating Plastic Paper Laminator Sheets - 9 x 11.5-Inch. 200-Pack,$16.25,https://m.media-amazon.com/images/I/51rcE1Sw6yL._AC_UL320_.jpg
Amazon Basics Office Tape - 6-Pack,$9.99,https://m.media-amazon.com/images/I/618zkqJdI4L._AC_UL320_.jpg
Amazon Basics iPhone Charger Cable. ABS USB-A to Lightning. MFi Certified. for Apple iPhone. iPad. 10.000 Bend Lifespan - Midnight Green. 6-Ft,$8.99,https://m.media-amazon.com/images/I/61I7yJx8JZL._AC_UL320_.jpg
Amazon Basics Straight Top Ring Cabinet Knob. 1.25-inch Diameter. Oil Rubbed Bronze. 25-Pack & Rounded Foot Cabinet Handle. 4.63-inch Length (3-inch Hole Center). Oil Rubbed Bronze. 10-Pack,Null,https://m.media-amazon.com/images/I/61AhYES97KL._AC_UL320_.jpg
AmazonBasics 3-Button USB Wired Computer Mouse (Black). 1-Pack Bundle with AmazonBasics High-Speed 4K HDMI Cable - 6 Feet,$17.62,https://m.media-amazon.com/images/I/31aw-uLDJyL._AC_UL320_.jpg
Scotch Heavy Duty Packaging Tape. 1.88" x 54.6 yd. Designed for Packing. Shipping and Mailing. Strong Seal on All Box Types. 3" Core. Clear. 4 Rolls (3850-4RD),$19.98,https://m.media-amazon.com/images/I/81XL5L2ml7L._AC_UL320_.jpg
Ergonomic Office Chair. Rolling Chair Swivel Chair Computer Chair Mesh Office Chair Back Support. Adjustable Height. Desk Chair with Wheels and arms. Dark Black,$81.57,https://m.media-amazon.com/images/I/713eDHbd+PL._AC_UL320_.jpg
GM Seating Ergolux Genuine Leather Executive Hi Swivel Chair Chrome Base with Headrest. Black,$773.42,https://m.media-amazon.com/images/I/61P54rBoTDL._AC_UL320_.jpg
Scotch Double Sided Tape. 1/2 in x 500 in. 6 Dispensered Rolls (6137H-2PC-MP),$15.50,https://m.media-amazon.com/images/I/81ADgpzbukL._AC_UL320_.jpg
Amazon Basics Polycarbonate Office Carpet Chair Mat. for Thick Carpets. 47" x 59",Null,https://m.media-amazon.com/images/I/612f3a7Ap8L._AC_UL320_.jpg
Amazon Basics 8-Sheet Strip-Cut Paper. CD. and Credit Card Shredder,$31.49,https://m.media-amazon.com/images/I/81HM1ZlI23L._AC_UL320_.jpg
Amazon Basics Pre-Seasoned Cast Iron Skillet Pan. 15 Inch,$38.99,https://m.media-amazon.com/images/I/81HXsWrKrZL._AC_UL320_.jpg
Fruit of the Loom Men's Sofspun Fleece Open Bottom Sweatpants,$25.98,https://m.media-amazon.com/images/I/81k0tgmvf7L._AC_UL320_.jpg
Amazon Basics Latex Resistance Band - 600mm. 5-Piece Set,$11.07,https://m.media-amazon.com/images/I/71LYM8NuasL._AC_UL320_.jpg
PowerTrust AA AAA Battery Charger with USB Cable for Ni-MH AA AAA Rechargeable Batteries,Null,https://m.media-amazon.com/images/I/61mRr1SSkZL._AC_UL320_.jpg
Oculus Rift S PC-Powered VR Gaming Headset,Null,https://m.media-amazon.com/images/I/71URNvzoWqL._AC_UY218_.jpg
Oculus Quest 2 — Advanced All-in-One Virtual Reality Headset — 64 GB (UK Model),$551.68,https://m.media-amazon.com/images/I/615YaAiA-ML._AC_UY218_.jpg
Oculus Go Standalone Virtual Reality Headset - 64GB,$471.99,https://m.media-amazon.com/images/I/610iXon9LfL._AC_UY218_.jpg
Oculus Rift S PC-Powered VR Gaming Headset,Null,https://m.media-amazon.com/images/I/71URNvzoWqL._AC_UY218_.jpg
Oculus Rift - Virtual Reality Headset,Null,https://m.media-amazon.com/images/I/61ahfXnBa0L._AC_UY218_.jpg
Oculus Quest 2 — Advanced All-In-One Virtual Reality Headset — 128 GB,$299.00,https://m.media-amazon.com/images/I/615YaAiA-ML._AC_UY218_.jpg
Oculus Quest 2 — Advanced All-In-One Virtual Reality Headset — 256 GB,$399.00,https://m.media-amazon.com/images/I/61kwRNPtMpL._AC_UY218_.jpg
Oculus Sensor (Includes 16Ft. Repeater Cable),Null,https://m.media-amazon.com/images/I/71tcYBLS-iL._AC_UY218_.jpg
Oculus Quest 2 Carrying Case & Face Cover - Waterproof. Portable Protection - Fit for Elite Strap. Halo Strap and VR Accessories - Travel Crossbody Backpack Shoulder Bag (Black),Null,https://m.media-amazon.com/images/I/71RiEW1LNUL._AC_UY218_.jpg
BOBOVR M2 Head Strap for Oculus Quest 2.Replacement for Elite Strap.Reduce Face Pressure Comfortable Touch,Null,https://m.media-amazon.com/images/I/61VrCAu2rcS._AC_UY218_.jpg
Ahroy VR Shell Front Face Protector Cover for Oculus Quest 2 with Black Lens Protector Dust Proof Washable Oculus Quest 2 Silicone Protector Case,Null,https://m.media-amazon.com/images/I/61U8Zrvp6DL._AC_UY218_.jpg
Oculus Quest 2 Accessories . Elite Strap for Oculus Quest 2 - Split type detachable free adjusting structure - Comfortable Protective Strap for Oculus Quest2 - White,Null,https://m.media-amazon.com/images/I/51kMf69p-SS._AC_UY218_.jpg
Oculus Quest 2 Head Strap. Oculus Quest 2 Elite Strap Replacement. Oculus Quest 2 Accessories Head Strap. Reduce Stress and Distribute Weight,Null,https://m.media-amazon.com/images/I/61sAraHJrpL._AC_UY218_.jpg
Oculus Quest Travel Case (301-00199-01),Null,https://m.media-amazon.com/images/I/91JY+4F-6iL._AC_UY218_.jpg
Elite Strap for Oculus Quest 2. Adjustable for Head Strap. Exclusive Designed Strap-Type Power Supply Bracket for Longer Game Time. Enhance Support and Reduce Pressure,Null,https://m.media-amazon.com/images/I/611kxt-GK2S._AC_UY218_.jpg
Oculus Quest 2 Link Cable Charger Accessories16ft. Oculus VR Cord. Reality High Speed Data Transfer Fast Charging USB C Cable for Oculus Quest Headset and Gaming PC (16FT Quest Link Cable),Null,https://m.media-amazon.com/images/I/319A3QtM0cS._AC_UY218_.jpg
Oculus Quest 2 — Advanced All-In-One Virtual Reality Headset — 256 GB,$399.00,https://m.media-amazon.com/images/I/61kwRNPtMpL._AC_UY218_.jpg
Oculus Quest 2 Elite Strap with Battery for Enhanced Comfort and Playtime in VR,$109.00,https://m.media-amazon.com/images/I/61h84rM9w3L._AC_UY218_.jpg
Oculus Quest 2 Link Cable. Daugee 16ft USB 3.2 Gen 1 Oculus Link Cable with Extra USB C to USB Adapter. High Speed PC Data Transfer & Fast Charging Nylon Braided Compatible for VR Headset Gaming PC,Null,https://m.media-amazon.com/images/I/81BrL7fVAlL._AC_UY218_.jpg
Compatible for Oculus Quest 2 Link Cable 20FT USB 3.0 Type C to C. Kuject Nylon Braided Long PC Connect Power Data Extension Charging Cord Sliver. Virtual Reality Gaming Accessories for Oculus Quest,Null,https://m.media-amazon.com/images/I/816gx2hInqL._AC_UY218_.jpg
AMVR Touch Controller Grip Anti-Throw Strap Accessories for Oculus Quest 2 with Battery Opening. Adjustable Wrist Knuckle Strap (Gray),Null,https://m.media-amazon.com/images/I/51Uv+gSGAwL._AC_UY218_.jpg
Oculus Quest 2 Elite Strap for Enhanced Support and Comfort in VR,$49.00,https://m.media-amazon.com/images/I/61LEKcD4xTL._AC_UY218_.jpg
Oculus Quest 2 Fit Pack with Two Alternate-Width Facial Interfaces and Light Blockers - VR,$39.00,https://m.media-amazon.com/images/I/61pN9xHTIJL._AC_UY218_.jpg
Oculus Quest 2 Stand. Quest 2 Stand. Base Station 2.0. Valve Index Base Station. Oculus Quest 2 Wall Mount. Oculus Charging Stand. VR Base Station. VR Stand Oculus Quest 2,Null,https://m.media-amazon.com/images/I/71vBntQLiuL._AC_UY218_.jpg
Carrying Case for Oculus Quest 2. Hard Travel Case for Oculus Quest 2 VR Headset and Controllers Acessories Protective Crossbody Shoulder Chest Backpack Fit for Elite Strap with Storage Bag,Null,https://m.media-amazon.com/images/I/71sx+zAMnBL._AC_UY218_.jpg
VR Headset Compatible with iPhone & Android + Built-in Button | Video Goggles for 4.7”-6.5” Cell Phone - Best Set Glasses | Gift for Kids and Adults for 3D Gaming and Videos,Null,https://m.media-amazon.com/images/I/7198s81XS5L._AC_UY218_.jpg
Oculus Quest 2 Carrying Case for Lightweight. Portable Protection - VR,$49.00,https://m.media-amazon.com/images/I/71cEbzoglsL._AC_UY218_.jpg
Oculus Link Virtual Reality Headset Cable for Quest 2 and Quest - 16FT (5M) - PC VR,$79.00,https://m.media-amazon.com/images/I/61Ebwh4O4fL._AC_UY218_.jpg
Esimen VR Face Silicone Mask & Face Cover for Oculus Quest 2 Face Pad Cushion Sweatproof Lightproof (Black),Null,https://m.media-amazon.com/images/I/51d3YBcOoKL._AC_UY218_.jpg
Amazon Basics 6-Outlet Surge Protector Power Strip. 6-Foot Long Cord. 790 Joule - Black,$8.29,https://m.media-amazon.com/images/I/71+kTOfLD2L._AC_UL320_.jpg
Amazon Basics 6-Outlet Surge Protector Power Strip. 6-Foot Long Cord. 790 Joule - White,$7.88,https://m.media-amazon.com/images/I/71-N0PxSwJL._AC_UL320_.jpg
Amazon Basics Nylon USB-A to Lightning Cable Cord. MFi Certified Charger for Apple iPhone. iPad. Dark Gray. 6-Ft. 2-Pack,$21.99,https://m.media-amazon.com/images/I/61stA5Z9W0L._AC_UL320_.jpg
Amazon Basics 48 Pack AA High-Performance Alkaline Batteries. 10-Year Shelf Life. Easy to Open Value Pack,$14.99,https://m.media-amazon.com/images/I/71IdKRlm8+L._AC_UL320_.jpg
Amazon Basics Foldable. 14" Black Metal Platform Bed Frame with Tool-Free Assembly. No Box Spring Needed - Full,$92.99,https://m.media-amazon.com/images/I/71Fszm+e3fL._AC_UL320_.jpg
AmazonBasics 5-Shelf Shelving Storage Unit on 4'' Wheel Casters . Chrome Silver (30L x 14W x 64.75H) & 4-Shelf Shelving Storage Unit on 3'' Wheel Casters. Chrome Silver (36L x 14W x 57.75H),Null,https://m.media-amazon.com/images/I/61ANTK-DDNS._AC_UL320_.jpg
Amazon Basics Shiatsu Neck and Shoulder Massager with Infrared Heat and Deep Kneading Rotation for Use at Home or On the Go - Blue,$47.52,https://m.media-amazon.com/images/I/91giRdnVW4L._AC_UL320_.jpg
Amazon Basics Expandable Metal Hanging Storage Organizer Rack Wardrobe with Shelves. 14"-63" x 58"-72". Chrome,$116.71,https://m.media-amazon.com/images/I/81aY68LLpEL._AC_UL320_.jpg
Amazon Basic Care Esomeprazole Magnesium Delayed Release Capsules. 20 mg. Acid Reducer. 42 Count,Null,https://m.media-amazon.com/images/I/61AzHZ6U+8L._AC_UL320_.jpg
AmazonBasics 48-Foot LED Commercial Grade Outdoor String Lights with 16 Edison Style S14 LED Soft White Bulbs - Black Cord,$44.15,https://m.media-amazon.com/images/I/710ltPQUfbL._AC_UL320_.jpg
Amazon Basics 100ml Ultrasonic Aromatherapy Essential Oil Diffuser. Classic Wood Grain Finish Base. with 7-Color Night Light,$18.49,https://m.media-amazon.com/images/I/61YeZROP1yL._AC_UL320_.jpg
Amazon Basic Care Omeprazole Delayed Release Tablets 20 mg. Acid Reducer. Wildberry Mint Coated Tablet. 42 Count,Null,https://m.media-amazon.com/images/I/61eofjyeO2L._AC_UL320_.jpg
Amazon Basics 4-Stage Reverse Osmosis Home Drinking Water System,$238.00,https://m.media-amazon.com/images/I/81iMHrpqygL._AC_UL320_.jpg
Amazon Basics Glass Food Storage. 16-Piece Set. 8 Containers and 8 BPA-Free Lids,$21.99,https://m.media-amazon.com/images/I/81CoitBb9DL._AC_UL320_.jpg
Amazon Basics 6-Outlet Surge Protector Power Cord Strip. 790 Joule. White. 10-Pack,$95.49,https://m.media-amazon.com/images/I/81xhFo7Pp4L._AC_UL320_.jpg
Amazon Basics Kids Unicorns & Rainbows Patterned Throw Blanket with Stuffed Animal Unicorn,$22.99,https://m.media-amazon.com/images/I/81Fv47M5u5L._AC_UL320_.jpg
Amazon Basics Kids Ultra-Soft Micromink Sherpa Blanket - Throw. Midnight Blue,$22.99,https://m.media-amazon.com/images/I/81ET5Y7uyKL._AC_UL320_.jpg
AmazonBasics Baby & Toddler Car Back Seat Safety Jumbo Mirror,$9.68,https://m.media-amazon.com/images/I/81Nl9WuqZaS._AC_UL320_.jpg
Amazon Basics White. Curved Back Dining Chair-Set of 2. Premium Plastic,$89.00,https://m.media-amazon.com/images/I/51GuiZTc-jL._AC_UL320_.jpg
Amazon Basics 36 Pack AA High-Performance Alkaline Batteries. 10-Year Shelf Life. Easy to Open Value Pack,$14.99,https://m.media-amazon.com/images/I/71ZhV9NwbmL._AC_UL320_.jpg
Amazon Basic Care Nutrisure Original Nutrition Shake. Milk Chocolate Flavor. 8 Fl Oz (Pack of 24),Null,https://m.media-amazon.com/images/I/71amiXqsqWS._AC_UL320_.jpg
Amazon Basic Care Naproxen Sodium Tablets. 300 Count,Null,https://m.media-amazon.com/images/I/71TDu1rY2WL._AC_UL320_.jpg
Amazon Basics Ergonomic Adjustable High-Back Mesh Chair with Flip-Up Arms and Headrest. Contoured Mesh Seat - Grey,$159.99,https://m.media-amazon.com/images/I/81c2GNf3yDS._AC_UL320_.jpg
Amazon Basics Ultrasonic Cool Mist Humidifier with Essential Oil Diffuser and Nightlight. Knob Control - 4 Liter. Black,$34.99,https://m.media-amazon.com/images/I/71n3DlokliL._AC_UL320_.jpg
Amazon Basics 15-Removable Compartment Professional Organizer,$17.80,https://m.media-amazon.com/images/I/71EgFhcNYrL._AC_UL320_.jpg
Amazon Basics ABS USB-A to Lightning Cable Cord. MFi Certified Charger for Apple iPhone. iPad. Midnight Green. 6-Ft,$7.99,https://m.media-amazon.com/images/I/61m0FVe5nLL._AC_UL320_.jpg
Amazon Basics Modern Armless Office Desk Chair - Height Adjustable. 360-Degree Swivel. 275Lb Capacity - White/Chrome,$75.99,https://m.media-amazon.com/images/I/61V4s1HVqUL._AC_UL320_.jpg
Amazon Basics Gaming Computer Mouse Pad - Black,$7.53,https://m.media-amazon.com/images/I/91G5CPWSLZL._AC_UL320_.jpg
Amazon Basics Non-Scratch Sponges. 6-Pack,$4.48,https://m.media-amazon.com/images/I/81mT+RDBWZL._AC_UL320_.jpg
Amazon Basics Kids Bedding Nap Set with Llama Pillow and Fleece Throw Blanket,$24.99,https://m.media-amazon.com/images/I/71JryAghqiL._AC_UL320_.jpg
Duracell Optimum AA Batteries | 18 Count Pack | Lasting Power Double A Battery | Resealable Package for Storage | Alkaline AA Battery Ideal for Household and Office Devices,$14.42,https://m.media-amazon.com/images/I/71x78cA0+1S._AC_UL320_.jpg
DELTA 79735-RB. 3.88 x 2.50 x 3.88 Inches. Venetian Bronze,$21.92,https://m.media-amazon.com/images/I/71TMrqkFqjL._AC_UL320_.jpg
Amazon Basics 10" Modern Metal Platform Bed with Wood Slat Support - Mattress Foundation - No Box Spring Needed. Queen,Null,https://m.media-amazon.com/images/I/71vrhOPmXLL._AC_UL320_.jpg
Amazon Basics 1500W Oscillating Ceramic Heater with Adjustable Thermostat. Silver,$30.38,https://m.media-amazon.com/images/I/81YuJHDIp6L._AC_UL320_.jpg
Amazon Basics 48-Piece General Household Home Repair and Mechanic's Hand Tool Kit Set,$33.65,https://m.media-amazon.com/images/I/810KeTS5OPL._AC_UL320_.jpg
Amazon Basics Professional USB Condenser Microphone with Volume Control and OLED Screen - Black,$97.50,https://m.media-amazon.com/images/I/61aCwunoTkL._AC_UL320_.jpg
Amazon Basics L-Shape Computer Desk with Shelves for Storage. 54.3 Inch. Espresso with Black Frame,Null,https://m.media-amazon.com/images/I/71fXDLIiSuL._AC_UL320_.jpg
Amazon Basics Vacuum Seal System. White,$49.99,https://m.media-amazon.com/images/I/71rmWjs-1LL._AC_UL320_.jpg
AmazonBasics 5-Shelf Shelving Storage Unit on 4'' Wheel Casters. Black (30L x 14W x 64.75H) & 3-Shelf Heavy Duty Shelving Storage Unit on 2' Wheel Casters. Black (23.2L x 13.4W x 32.75H),Null,https://m.media-amazon.com/images/I/613d2J0BVKS._AC_UL320_.jpg
Amazon Basics Cabinet Style Space Heater. Brown Wood Grain Finish. 1500W,$104.99,https://m.media-amazon.com/images/I/819o77ir4zL._AC_UL320_.jpg
Amazon Basics Tritan 22 Piece (11 Containers and 11 Lids) Locking Food Storage Container - Clear,$34.99,https://m.media-amazon.com/images/I/811RbXeLjNL._AC_UL320_.jpg
Amazon Basics - 128GB microSDXC Memory Card with Full Size Adapter. A2. U3. read speed up to 100 MB/s,$19.99,https://m.media-amazon.com/images/I/61+XcFyL8RL._AC_UL320_.jpg
Amazon Basics USB Type-C to USB-A Male 3.1 Gen2 Adapter Charger Cable - 3 Feet (0.9 Meters) - Black,$9.74,https://m.media-amazon.com/images/I/61nVxhz82AL._AC_UL320_.jpg
Amazon Basics Oven Safe Glass Baking and Food Storage Dish Set with BPA-Free Lids. Set of 3. Rectangle. Square and Round,$25.99,https://m.media-amazon.com/images/I/81A9VdwWZFL._AC_UL320_.jpg
Amazon Basics 36 Pack AAA High-Performance Alkaline Batteries. 10-Year Shelf Life. Easy to Open Value Pack,$10.99,https://m.media-amazon.com/images/I/71nDX36Y9UL._AC_UL320_.jpg
Amazon Basics Charging Station Dock for 4 Nintendo Switch Joy-con Controllers - 2.6 Foot Cable. Black,$16.76,https://m.media-amazon.com/images/I/71SQSraI7rL._AC_UL320_.jpg
Amazon Basics Wired Computer Keyboard and Wired Mouse . 10-Pack,$121.12,https://m.media-amazon.com/images/I/81Z882NR-ZL._AC_UL320_.jpg
Amazon Basics Kids Fleece Tail Blanket - 26'' x 56''. Blue Mermaid,$14.99,https://m.media-amazon.com/images/I/91KIiw6O0IL._AC_UL320_.jpg
Amazon Basics 5-Shelf Adjustable. Heavy Duty Storage Shelving Unit (350 lbs loading capacity per shelf). Steel Organizer Wire Rack. Black (36L x 14W x 72H),$71.47,https://m.media-amazon.com/images/I/71Xk6G0O7cL._AC_UL320_.jpg
Amazon Basic Care Ibuprofen Liquid Gels 200 mg. Pain Reliever/Fever Reducer (Liquid Filled Capsules). 160 Count,Null,https://m.media-amazon.com/images/I/71yEtXkI2uL._AC_UL320_.jpg
Amazon Basics Door Reinforcement Lock - 2-Pack. Brushed Nickel,$21.05,https://m.media-amazon.com/images/I/61WAXKfzN8L._AC_UL320_.jpg
Amazon Basics Waterproof Ski Boot Bag - 14 x 18 x 14.5 Inches. Black . . One-Size,$43.99,https://m.media-amazon.com/images/I/A13sJ0AGtLL._AC_UL320_.jpg
Amazon Basics Portable Foldable Photo Studio Box with LED Light - 25 x 30 x 25 Inches,$122.76,https://m.media-amazon.com/images/I/711x+T7smzL._AC_UL320_.jpg
Amazon Basics AB-BR840-FB Towel Bar-Standard. 24-Inch. Flat Black,$22.99,https://m.media-amazon.com/images/I/51c+cDXI-oL._AC_UL320_.jpg
Amazon Basics Heavy-Duty Extension Dual Arm. Full Motion Articulating TV Mount for 37-80 inch TVs up to 132 lbs. fits LED LCD OLED Flat Curved Screens,$85.84,https://m.media-amazon.com/images/I/81kAH4NrajL._AC_UL320_.jpg
Amazon Basics Kids Laughing Lions Patterned Throw Blanket with Stuffed Animal Lion,$22.99,https://m.media-amazon.com/images/I/81MMaAPTebL._AC_UL320_.jpg
Amazon Basics Wall-Mounted Recessed Electric Fireplace - 42-Inch. Black,Null,https://m.media-amazon.com/images/I/61Z4vA1MLEL._AC_UL320_.jpg
Bankers Box STOR/File Storage Boxes. Standard Set-Up. Lift-Off Lid. Letter/Legal. Case of 30 (0071304),$64.99,https://m.media-amazon.com/images/I/71HVl6WIVWL._AC_UL320_.jpg
Merten & Storck German Enameled Iron 1873 Aegean Teal Dutch Oven. 5.3QT,$159.99,https://m.media-amazon.com/images/I/71KeWLRIQSL._AC_UL320_.jpg
Casper Sleep Foam Pillow for Sleeping. King. White,$106.99,https://m.media-amazon.com/images/I/51HNrlYVXNL._AC_UL320_.jpg
Amazon Basics Sheer Window Panel Pair with Grommets - 50" x 95". Painterly Grid Grey and White,$29.99,https://m.media-amazon.com/images/I/91a+84Q6RXL._AC_UL320_.jpg
ZERLA Microfiber Glass Cleaning Cloths Streak Free - Lint Free - Quickly Clean Windows. Windshields. Mirrors. and Stainless Steel- 6 Pack,$13.99,https://m.media-amazon.com/images/I/71VgoJD-2hL._AC_UL320_.jpg
Energizer AAA Batteries (12 Count). Triple A Max Alkaline Battery,$9.99,https://m.media-amazon.com/images/I/81rgaoL91OL._AC_UL320_.jpg
Ergotech Heavy Duty Freedom Arm. Includes Single Aluminum Heavy Duty Articulating Arm. 20-30.8 lbs. Weight Capacity. Suitable for Monitors up to 27 inches. VESA Compatible 75×75. 100×100. Silver,$83.99,https://m.media-amazon.com/images/I/71i+DD6ddIL._AC_UL320_.jpg
Energizer AA Batteries Double A Max Alkaline Battery. 24 Count,$17.98,https://m.media-amazon.com/images/I/91WzVMFcrrL._AC_UL320_.jpg
Rayovac AA Batteries. Alkaline Double A Battery. 72 Count,$24.40,https://m.media-amazon.com/images/I/81HGbfCQndL._AC_UL320_.jpg
Amazon Basics 3-Button USB Wired Computer Mouse (Black). 1-Pack,$10.63,https://m.media-amazon.com/images/I/61i0CV-tKpL._AC_UL320_.jpg
Amazon Basics iPhone Charger Cable. Nylon USB-A to Lightning. MFi Certified. for Apple iPhone. iPad. 10.000 Bend Lifespan - Rose Gold. 3-Ft,$12.99,https://m.media-amazon.com/images/I/61Jp00B7GGL._AC_UL320_.jpg
AmazonBasics Lighting to USB A Cable for iPhone and iPad - 10 Feet (3 Meters) - White,$11.99,https://m.media-amazon.com/images/I/613Wvm+VqKL._AC_UL320_.jpg
AmazonBasics Full Synthetic Motor Oil - 0W-20 - 5 Quart,Null,https://m.media-amazon.com/images/I/71Z2UNSggoL._AC_UL320_.jpg
Amazon Basics Hyper Repositionable and Refillable Adhesive,$9.02,https://m.media-amazon.com/images/I/717byFfi0bL._AC_UL320_.jpg
Amazon Basics Medium Duty Storage Shelving Single Post Press Board Shelf. 48 x 18 x 72 Inch. Aluminum,Null,https://m.media-amazon.com/images/I/61lehm5tN+L._AC_UL320_.jpg
Office Chair. Ergonomic Mesh Home Office Computer Chair with Lumbar Support/Adjustable Headrest/Armrest and Wheels/Mesh High Back/Swivel Rolling (Black),$79.99,https://m.media-amazon.com/images/I/61BghqidDfL._AC_UL320_.jpg
Energizer MAX D Batteries. Premium Alkaline D Cell Batteries (12 Battery Count),$17.76,https://m.media-amazon.com/images/I/71Yqn81Vw6L._AC_UL320_.jpg
Amazon Basics Sheer Window Panel Pair with Grommets - 50" x 84". Classic Dark Grey,$23.99,https://m.media-amazon.com/images/I/8111jn9VS8L._AC_UL320_.jpg
Sweet Home Collection 1800 Thread Count 21" DEEP Pocket Sheet Soft Egyptian Quality Brushed Microfiber Luxury Bedding Set with Flat. Fitted. 2 Pillow Cases. Extra Twin. Beige,$26.99,https://m.media-amazon.com/images/I/61FSR0emVtL._AC_UL320_.jpg
Amazon Basics Neoprene Coated Dumbbell Hand Weight Set,$34.99,https://m.media-amazon.com/images/I/71CKTcwsLmL._AC_UL320_.jpg
AmazonBasics 5-Shelf Shelving Storage Unit on 4'' Wheel Casters . Chrome Silver (30L x 14W x 64.75H) & 3-Shelf Heavy Duty Shelving Storage Unit on 2' Wheel Casters. Chrome (23.2L x 13.4W x 32.75H),Null,https://m.media-amazon.com/images/I/41zsJ9vmI8S._AC_UL320_.jpg
Amazon Basics Cylinder Metal Base Table Lamp with LED Bulb - 6.5" x 6.5" x 11.7". Brushed Nickel,$21.14,https://m.media-amazon.com/images/I/71SWzfv0IcL._AC_UL320_.jpg
Amazon Basics Reversible Comforter Set. Full / Queen. Navy Rugby Stripes. Microfiber. Ultra-Soft,$34.99,https://m.media-amazon.com/images/I/81M-JetOqTL._AC_UL320_.jpg
Kasa Smart Light Switch HS200. Single Pole. Needs Neutral Wire. 2.4GHz Wi-Fi Light Switch Works with Alexa and Google Home. UL Certified. No Hub Required . White,$12.99,https://m.media-amazon.com/images/I/71nMzhO05jL._AC_UL320_.jpg
Amazon Basics 3.2 Quart Compact Multi-Functional Air Fryer,$59.99,https://m.media-amazon.com/images/I/71H8btY1jlL._AC_UL320_.jpg
Addington Park 31779 Cartagena Collection 6-Light Modern Chandelier with Glossy White Glass Shades. Dark Bronze Finish,$61.16,https://m.media-amazon.com/images/I/61zJKxrKQ6L._AC_UL320_.jpg
Household Essentials 311322 Hanging Shoe Storage Organizer for Closets |10 Pocket Shelves | Natural Canvas,$17.29,https://m.media-amazon.com/images/I/412V295NazL._AC_UL320_.jpg
RESPECT SOCIAL DISTANCING BACK & FRONT T-Shirt,$19.99,https://m.media-amazon.com/images/I/71PMiCLhatL._AC_UL320_.jpg
Way Basics Modular Connect Door Cube Cubby Stackable Storage Closet Organizer Display Shelf (Tool-Free Assembly and Uniquely Crafted from Sustainable Non Toxic zBoard Paperboard). Espresso,$30.99,https://m.media-amazon.com/images/I/91ioNFO3bFS._AC_UL320_.jpg
Amazon Basics 2-inch 4-Digit Combination Padlock. Black. 1-Pack,$10.49,https://m.media-amazon.com/images/I/618vuDbuiGL._AC_UL320_.jpg
Amazon Basic Care Nite Time Cold Flu Relief Softgels. Pain Reliever. Fever Reducer. Cough Suppressant Antihistamine. 48 Count,Null,https://m.media-amazon.com/images/I/811nRVjs45L._AC_UL320_.jpg
Amazon Basics 12 Sheet Micro-Cut Paper.Credit card and CD Shredder for Office/Home,$114.00,https://m.media-amazon.com/images/I/61sRMfhBhRL._AC_UL320_.jpg
Amazon Basics Fun and Playful Butterfly Friends Kids Microfiber Bathroom Shower Curtain - Butterfly Friends. 72 Inch,$5.37,https://m.media-amazon.com/images/I/918pSI9U7CL._AC_UL320_.jpg
Amazon Basics Hard Shell Carry and Storage Case for Nintendo NES Classic - 8 x 8 x 3 Inches. Black,$17.99,https://m.media-amazon.com/images/I/91KQXx13bEL._AC_UL320_.jpg
Amazon Basics Basic Duty Storage/Filing Boxes with Lift-Off Lid - Legal/Letter Size. 20-Pack,$54.50,https://m.media-amazon.com/images/I/71Gj+pinOqL._AC_UL320_.jpg
Deco 79 Accent Table. 20" L x 20" W x 25" H. White,$99.99,https://m.media-amazon.com/images/I/91NUUQDKNqS._AC_UL320_.jpg
Popular Bath Waffle Weave. 17"x 36" with Pillow. Grey,$9.04,https://m.media-amazon.com/images/I/81zRaqtm-KL._AC_UL320_.jpg
Way Basics Cubby Stackable Storage Closet Organizer Display Shelf (Tool-Free Assembly and Uniquely Crafted from Sustainable Non Toxic zBoard Paperboard). D : 11.2" H : 12.6" W : 13.4". Espresso,$22.39,https://m.media-amazon.com/images/I/81QpmAbRXRL._AC_UL320_.jpg
Circleware Circles Drinking Glasses. Set of 4. 17 Ounce,$14.99,https://m.media-amazon.com/images/I/81FOdCLMHYL._AC_UL320_.jpg
Amazon Basics AMZN-HD200-C Heavy Duty Filtration 1" Inlet and Outlet | Equivalent to Culligan WH-HD200-C Whole Water Filter Housing. Blue,$79.49,https://m.media-amazon.com/images/I/61SB7GLJTIL._AC_UL320_.jpg
Amazon Basics 6 Outlet. Wall Mount Surge Protector. Power Strip. 2 USB ports 3.4A. 1080 Joules,$14.99,https://m.media-amazon.com/images/I/51BEN7wlRJL._AC_UL320_.jpg
Amazon Basics USB 2.0 Cable - A-Male to Mini-B Cord - 6 Feet (1.8 Meters)Black- 1-Pack,$6.94,https://m.media-amazon.com/images/I/618b8Xq+hXL._AC_UL320_.jpg
Amazon Basics Games Case Pack. Fruit & Veggie Domino (Gradient). Balancing Monkeys. Balancing Boat. Tower Tumbling. Balancing Cactus,$40.56,https://m.media-amazon.com/images/I/614K65YEyiL._AC_UL320_.jpg
Amazon Basics Fast Charging 60W USB-C2.0 to USB-A Cable (USB-IF Certified) - 6-Foot. White (2-Pack),$10.99,https://m.media-amazon.com/images/I/61dTiWocC8L._AC_UL320_.jpg
Amazon Basics Controller Battery Pack Charger For Xbox One S Console - White (Not compatible with Xbox One S All-Digital Edition Console),$22.21,https://m.media-amazon.com/images/I/710EKJiiB6L._AC_UL320_.jpg
Soiree Double Old Fashioned Whiskey Glasses. Set of 6. 15 oz. Clear,$27.39,https://m.media-amazon.com/images/I/71xjFBelvFL._AC_UL320_.jpg
I PAUSED MY GAME TO BE HERE T-Shirt,$19.99,https://m.media-amazon.com/images/I/71hj2R8ZdQL._AC_UL320_.jpg
Circleware Pavillion Double Old Fashioned Whiskey Glasses. Set of 4. 13 ounce. Clear,$17.36,https://m.media-amazon.com/images/I/61b8BCRjE4L._AC_UL320_.jpg
Circleware Basic Stemless White-Red Wine Drinking Glasses. Set of 4. 16 ounce. Limited Edition Glassware,$16.41,https://m.media-amazon.com/images/I/71DVyvV01sL._AC_UL320_.jpg
Amazon Basics Stainless Steel Fast. Portable Electric Hot Water Kettle for Tea and Coffee. 1.7-Liter. Silver,$28.99,https://m.media-amazon.com/images/I/71VtYAoa5mL._AC_UL320_.jpg
Amazon Basics Office Tape - 6-Pack,$9.99,https://m.media-amazon.com/images/I/618zkqJdI4L._AC_UL320_.jpg
Amazon Basics iPhone Charger Cable. ABS USB-A to Lightning. MFi Certified. for Apple iPhone. iPad. 10.000 Bend Lifespan - Midnight Green. 6-Ft,$8.99,https://m.media-amazon.com/images/I/61I7yJx8JZL._AC_UL320_.jpg
Amazon Basics Replacement Power Cable for PS4 Slim and Xbox One S / X - 6 Foot Cord. Black & Computer Monitor TV Replacement Power Cord - 3-Foot. Black,$15.48,https://m.media-amazon.com/images/I/41ThhgYeAdS._AC_UL320_.jpg
Amazon Basics Straight Top Ring Cabinet Knob. 1.25-inch Diameter. Oil Rubbed Bronze. 25-Pack & Rounded Foot Cabinet Handle. 4.63-inch Length (3-inch Hole Center). Oil Rubbed Bronze. 10-Pack,Null,https://m.media-amazon.com/images/I/61AhYES97KL._AC_UL320_.jpg
AmazonBasics 3-Button USB Wired Computer Mouse (Black). 1-Pack Bundle with AmazonBasics High-Speed 4K HDMI Cable - 6 Feet,$17.62,https://m.media-amazon.com/images/I/31aw-uLDJyL._AC_UL320_.jpg
Post-it Mini Notes. 1.5 in x 2 in. 24 Pads. America's #1 Favorite Sticky Notes. Canary Yellow. Clean Removal. Recyclable (653-24VAD),$11.61,https://m.media-amazon.com/images/I/61XQ1reKCjS._AC_UL320_.jpg
Command 6 Cord Bundlers. 12 Strips. Each Bundler Holds up to 2 lbs. Easy to Open Packaging. Organize Damage-Free,$10.19,https://m.media-amazon.com/images/I/81B99O0mwpS._AC_UL320_.jpg
Amrapur Overseas 1MFLACEG-BLS-QN 4-Piece Crochet Lace Bed Sheet Set. Queen. Blush,$25.60,https://m.media-amazon.com/images/I/81n8t9OKXDL._AC_UL320_.jpg
Brooklyn Flat Jersey Knit Sheet Set. Queen. White,$39.93,https://m.media-amazon.com/images/I/91SYEqep-FL._AC_UL320_.jpg
Amazon Basics Classic Office Desk Computer Chair - Adjustable. Swiveling. Ultra-Soft Microfiber - Light Gray. Lumbar Support,$120.00,https://m.media-amazon.com/images/I/816SYA9gmwL._AC_UL320_.jpg
Amazon Basic Care Advantage Care Electrolyte Solution with Prevital Prebiotics. Cherry Punch. Hydration Drink. Replenish Electrolytes. Fluid & Zinc. 33.8 Fluid Ounces,Null,https://m.media-amazon.com/images/I/71EqGVtqG-L._AC_UL320_.jpg
Amazon Basics Polycarbonate Office Carpet Chair Mat. for Thick Carpets. 47" x 59",Null,https://m.media-amazon.com/images/I/612f3a7Ap8L._AC_UL320_.jpg
Amazon Basics 8-Sheet Strip-Cut Paper. CD. and Credit Card Shredder,$31.49,https://m.media-amazon.com/images/I/81HM1ZlI23L._AC_UL320_.jpg
Fruit of the Loom Men's Sofspun Fleece Open Bottom Sweatpants,$25.98,https://m.media-amazon.com/images/I/81k0tgmvf7L._AC_UL320_.jpg
Amazon Basics Latex Resistance Band - 600mm. 5-Piece Set,$11.07,https://m.media-amazon.com/images/I/71LYM8NuasL._AC_UL320_.jpg
Oculus Rift S PC-Powered VR Gaming Headset,Null,https://m.media-amazon.com/images/I/71URNvzoWqL._AC_UY218_.jpg
Oculus Quest 2 — Advanced All-in-One Virtual Reality Headset — 64 GB (UK Model),$551.68,https://m.media-amazon.com/images/I/615YaAiA-ML._AC_UY218_.jpg
Oculus Go Standalone Virtual Reality Headset - 64GB,$471.99,https://m.media-amazon.com/images/I/610iXon9LfL._AC_UY218_.jpg
Oculus Rift S PC-Powered VR Gaming Headset,Null,https://m.media-amazon.com/images/I/71URNvzoWqL._AC_UY218_.jpg
Oculus Rift - Virtual Reality Headset,Null,https://m.media-amazon.com/images/I/61ahfXnBa0L._AC_UY218_.jpg
Oculus Quest 2 — Advanced All-In-One Virtual Reality Headset — 128 GB,$299.00,https://m.media-amazon.com/images/I/615YaAiA-ML._AC_UY218_.jpg
Oculus Quest 2 — Advanced All-In-One Virtual Reality Headset — 256 GB,$399.00,https://m.media-amazon.com/images/I/61kwRNPtMpL._AC_UY218_.jpg
Oculus Sensor (Includes 16Ft. Repeater Cable),Null,https://m.media-amazon.com/images/I/71tcYBLS-iL._AC_UY218_.jpg
Oculus Quest 2 Carrying Case & Face Cover - Waterproof. Portable Protection - Fit for Elite Strap. Halo Strap and VR Accessories - Travel Crossbody Backpack Shoulder Bag (Black),Null,https://m.media-amazon.com/images/I/71RiEW1LNUL._AC_UY218_.jpg
BOBOVR M2 Head Strap for Oculus Quest 2.Replacement for Elite Strap.Reduce Face Pressure Comfortable Touch,Null,https://m.media-amazon.com/images/I/61VrCAu2rcS._AC_UY218_.jpg
Ahroy VR Shell Front Face Protector Cover for Oculus Quest 2 with Black Lens Protector Dust Proof Washable Oculus Quest 2 Silicone Protector Case,Null,https://m.media-amazon.com/images/I/61U8Zrvp6DL._AC_UY218_.jpg
Oculus Quest 2 Accessories . Elite Strap for Oculus Quest 2 - Split type detachable free adjusting structure - Comfortable Protective Strap for Oculus Quest2 - White,Null,https://m.media-amazon.com/images/I/51kMf69p-SS._AC_UY218_.jpg
Oculus Quest 2 Head Strap. Oculus Quest 2 Elite Strap Replacement. Oculus Quest 2 Accessories Head Strap. Reduce Stress and Distribute Weight,Null,https://m.media-amazon.com/images/I/61sAraHJrpL._AC_UY218_.jpg
Oculus Quest Travel Case (301-00199-01),Null,https://m.media-amazon.com/images/I/91JY+4F-6iL._AC_UY218_.jpg
Elite Strap for Oculus Quest 2. Adjustable for Head Strap. Exclusive Designed Strap-Type Power Supply Bracket for Longer Game Time. Enhance Support and Reduce Pressure,Null,https://m.media-amazon.com/images/I/611kxt-GK2S._AC_UY218_.jpg
Oculus Quest 2 Link Cable Charger Accessories16ft. Oculus VR Cord. Reality High Speed Data Transfer Fast Charging USB C Cable for Oculus Quest Headset and Gaming PC (16FT Quest Link Cable),Null,https://m.media-amazon.com/images/I/319A3QtM0cS._AC_UY218_.jpg
Oculus Quest 2 — Advanced All-In-One Virtual Reality Headset — 256 GB,$399.00,https://m.media-amazon.com/images/I/61kwRNPtMpL._AC_UY218_.jpg
Oculus Quest 2 Elite Strap with Battery for Enhanced Comfort and Playtime in VR,$109.00,https://m.media-amazon.com/images/I/61h84rM9w3L._AC_UY218_.jpg
Oculus Quest 2 Link Cable. Daugee 16ft USB 3.2 Gen 1 Oculus Link Cable with Extra USB C to USB Adapter. High Speed PC Data Transfer & Fast Charging Nylon Braided Compatible for VR Headset Gaming PC,Null,https://m.media-amazon.com/images/I/81BrL7fVAlL._AC_UY218_.jpg
Compatible for Oculus Quest 2 Link Cable 20FT USB 3.0 Type C to C. Kuject Nylon Braided Long PC Connect Power Data Extension Charging Cord Sliver. Virtual Reality Gaming Accessories for Oculus Quest,Null,https://m.media-amazon.com/images/I/816gx2hInqL._AC_UY218_.jpg
AMVR Touch Controller Grip Anti-Throw Strap Accessories for Oculus Quest 2 with Battery Opening. Adjustable Wrist Knuckle Strap (Gray),Null,https://m.media-amazon.com/images/I/51Uv+gSGAwL._AC_UY218_.jpg
BUSQUEDA Elite Strap with Battery for Oculus Quest 2.8000mAh Extend 7hrs Playtime.Fast Charging VR Power.Counter Balance&Adjustable Head Strap for Enhanced Support and Comfort in VR,Null,https://m.media-amazon.com/images/I/51jWfu1zvAL._AC_UY218_.jpg
Oculus Quest Link Cable 20FT. Compatible for Oculus Quest 2 Link Cable. Fatorm USB 3.2 Gen1 VR Headset Cable. Type A to C High Speed Data Transfer Charging Cord for Gaming PC & USB C Chargers.,Null,https://m.media-amazon.com/images/I/81QlrV2zWQL._AC_UY218_.jpg
Oculus Quest 2 Case BCHINER Design Carrying Case for Travel and Home Storage Oculus Quest 2 Basic and Official Elite Version VR Gaming Headset and Touch Controllers Accessories,Null,https://m.media-amazon.com/images/I/817zgazVtES._AC_UY218_.jpg
Virtual Reality. Pimax Artisan VR Headset for PC VR. Steam VR Beginners,Null,https://m.media-amazon.com/images/I/41C5RTibeoL._AC_UY218_.jpg
Comfortable Protective halo Strap accessories for Oculus Quest 2 Head Strap Virtual Reality Glasses - Adjustable Head Strap Headband Enhanced Support and Reduce Head Pressure in VR gaming Headset,Null,https://m.media-amazon.com/images/I/51OFizX7LpL._AC_UY218_.jpg
Link Cable 16 FT (3M) Compatible with Oculus Quest 2 - High Speed PC Data Transfer & Fast Charging USB C 3.2 Gen1 Cable - PC VR,Null,https://m.media-amazon.com/images/I/711NtunVwOL._AC_UY218_.jpg
HTC Vive Deluxe Audio Strap,Null,https://m.media-amazon.com/images/I/71HP+1-GnKL._AC_UY218_.jpg
Aixoto Head Strap for Oculus Quest 2. Updated Adjustable Halo Strap. Replacement for Elite Strap. Less Pressure on Your Face. Comfortable VR Accessories,Null,https://m.media-amazon.com/images/I/61WwP8YhQqL._AC_UY218_.jpg
Oculus Quest 2 Case JSVER Carrying Case for Quest 2 Elite Strap/Third Party Head Straps. Touch Controllers. Battery. Hard Shell Travel Protective Case for Quest 2 Accessories (Black),Null,https://m.media-amazon.com/images/I/614oqkWjCQL._AC_UY218_.jpg
3D VR Virtual Reality Headset. VR Glasses Goggles w/ Bluetooth Headphone [Newest] for iPhone 12 11 Pro Max Mini X R S 8 7 Samsung Galaxy S10 S9 S8 S7 Edge Note/A 10 9 8 + etc 4.7-6.2" Cellphone. White,Null,https://m.media-amazon.com/images/I/61vwOEh4zkL._AC_UY218_.jpg
Oculus Quest 2 Halo Strap and Silicone Face Cover - Adjustable Replacement for Quest 2 Elite Strap - Relieved Face ​Pressure Comfortable Touch - Oculus Quest 2 VR Accessories Head Strap (White),Null,https://m.media-amazon.com/images/I/61+2kaHqXZL._AC_UY218_.jpg
YBHMO Adjustable Head Strap Compatible for Oculus Quest 2.Oculus Quest 2 Elite Strap Replacement.Enhanced Support and Comfort in VR,Null,https://m.media-amazon.com/images/I/51YeJBF2FvS._AC_UY218_.jpg
Oculus Quest 2 Elite Strap Replacement - Adjustable Head Strap Headband Enhanced Support and Reduce Head Pressure in VR Gaming Headset - Halo Strap Accessories for Quest2,Null,https://m.media-amazon.com/images/I/61th8UtSAPS._AC_UY218_.jpg
Oculus Quest 2 Elite Strap for Enhanced Support and Comfort in VR,$49.00,https://m.media-amazon.com/images/I/61LEKcD4xTL._AC_UY218_.jpg
Oculus Quest 2 Fit Pack with Two Alternate-Width Facial Interfaces and Light Blockers - VR,$39.00,https://m.media-amazon.com/images/I/61pN9xHTIJL._AC_UY218_.jpg
Oculus Quest 2 Stand. Quest 2 Stand. Base Station 2.0. Valve Index Base Station. Oculus Quest 2 Wall Mount. Oculus Charging Stand. VR Base Station. VR Stand Oculus Quest 2,Null,https://m.media-amazon.com/images/I/71vBntQLiuL._AC_UY218_.jpg
Carrying Case for Oculus Quest 2. Hard Travel Case for Oculus Quest 2 VR Headset and Controllers Acessories Protective Crossbody Shoulder Chest Backpack Fit for Elite Strap with Storage Bag,Null,https://m.media-amazon.com/images/I/71sx+zAMnBL._AC_UY218_.jpg
VR Headset Compatible with iPhone & Android + Built-in Button | Video Goggles for 4.7”-6.5” Cell Phone - Best Set Glasses | Gift for Kids and Adults for 3D Gaming and Videos,Null,https://m.media-amazon.com/images/I/7198s81XS5L._AC_UY218_.jpg
Oculus Quest 2 Carrying Case for Lightweight. Portable Protection - VR,$49.00,https://m.media-amazon.com/images/I/71cEbzoglsL._AC_UY218_.jpg
Oculus Link Virtual Reality Headset Cable for Quest 2 and Quest - 16FT (5M) - PC VR,$79.00,https://m.media-amazon.com/images/I/61Ebwh4O4fL._AC_UY218_.jpg
Esimen VR Face Silicone Mask & Face Cover for Oculus Quest 2 Face Pad Cushion Sweatproof Lightproof (Black),Null,https://m.media-amazon.com/images/I/51d3YBcOoKL._AC_UY218_.jpg
Amazon Basics 6-Outlet Surge Protector Power Strip. 6-Foot Long Cord. 790 Joule - Black,$8.29,https://m.media-amazon.com/images/I/71+kTOfLD2L._AC_UL320_.jpg
Amazon Basics 6-Outlet Surge Protector Power Strip. 6-Foot Long Cord. 790 Joule - White,$7.88,https://m.media-amazon.com/images/I/71-N0PxSwJL._AC_UL320_.jpg
Amazon Basics Nylon USB-A to Lightning Cable Cord. MFi Certified Charger for Apple iPhone. iPad. Dark Gray. 6-Ft. 2-Pack,$21.99,https://m.media-amazon.com/images/I/61stA5Z9W0L._AC_UL320_.jpg
Amazon Basics 48 Pack AA High-Performance Alkaline Batteries. 10-Year Shelf Life. Easy to Open Value Pack,$14.99,https://m.media-amazon.com/images/I/71IdKRlm8+L._AC_UL320_.jpg
Amazon Basics Foldable. 14" Black Metal Platform Bed Frame with Tool-Free Assembly. No Box Spring Needed - Full,$92.99,https://m.media-amazon.com/images/I/71Fszm+e3fL._AC_UL320_.jpg
AmazonBasics 5-Shelf Shelving Storage Unit on 4'' Wheel Casters . Chrome Silver (30L x 14W x 64.75H) & 4-Shelf Shelving Storage Unit on 3'' Wheel Casters. Chrome Silver (36L x 14W x 57.75H),Null,https://m.media-amazon.com/images/I/61ANTK-DDNS._AC_UL320_.jpg
Amazon Basics Shiatsu Neck and Shoulder Massager with Infrared Heat and Deep Kneading Rotation for Use at Home or On the Go - Blue,$47.52,https://m.media-amazon.com/images/I/91giRdnVW4L._AC_UL320_.jpg
Amazon Basics Expandable Metal Hanging Storage Organizer Rack Wardrobe with Shelves. 14"-63" x 58"-72". Chrome,$116.71,https://m.media-amazon.com/images/I/81aY68LLpEL._AC_UL320_.jpg
Amazon Basic Care Esomeprazole Magnesium Delayed Release Capsules. 20 mg. Acid Reducer. 42 Count,Null,https://m.media-amazon.com/images/I/61AzHZ6U+8L._AC_UL320_.jpg
AmazonBasics 48-Foot LED Commercial Grade Outdoor String Lights with 16 Edison Style S14 LED Soft White Bulbs - Black Cord,$44.15,https://m.media-amazon.com/images/I/710ltPQUfbL._AC_UL320_.jpg
Amazon Basics 100ml Ultrasonic Aromatherapy Essential Oil Diffuser. Classic Wood Grain Finish Base. with 7-Color Night Light,$18.49,https://m.media-amazon.com/images/I/61YeZROP1yL._AC_UL320_.jpg
Amazon Basic Care Omeprazole Delayed Release Tablets 20 mg. Acid Reducer. Wildberry Mint Coated Tablet. 42 Count,Null,https://m.media-amazon.com/images/I/61eofjyeO2L._AC_UL320_.jpg
Amazon Basics 4-Stage Reverse Osmosis Home Drinking Water System,$238.00,https://m.media-amazon.com/images/I/81iMHrpqygL._AC_UL320_.jpg
Amazon Basics Glass Food Storage. 16-Piece Set. 8 Containers and 8 BPA-Free Lids,$21.99,https://m.media-amazon.com/images/I/81CoitBb9DL._AC_UL320_.jpg
Amazon Basics 6-Outlet Surge Protector Power Cord Strip. 790 Joule. White. 10-Pack,$95.49,https://m.media-amazon.com/images/I/81xhFo7Pp4L._AC_UL320_.jpg
Amazon Basics Kids Unicorns & Rainbows Patterned Throw Blanket with Stuffed Animal Unicorn,$22.99,https://m.media-amazon.com/images/I/81Fv47M5u5L._AC_UL320_.jpg
Amazon Basics Kids Ultra-Soft Micromink Sherpa Blanket - Throw. Midnight Blue,$22.99,https://m.media-amazon.com/images/I/81ET5Y7uyKL._AC_UL320_.jpg
AmazonBasics Baby & Toddler Car Back Seat Safety Jumbo Mirror,$9.68,https://m.media-amazon.com/images/I/81Nl9WuqZaS._AC_UL320_.jpg
Amazon Basics White. Curved Back Dining Chair-Set of 2. Premium Plastic,$89.00,https://m.media-amazon.com/images/I/51GuiZTc-jL._AC_UL320_.jpg
Amazon Basics 36 Pack AA High-Performance Alkaline Batteries. 10-Year Shelf Life. Easy to Open Value Pack,$14.99,https://m.media-amazon.com/images/I/71ZhV9NwbmL._AC_UL320_.jpg
Amazon Basic Care Nutrisure Original Nutrition Shake. Milk Chocolate Flavor. 8 Fl Oz (Pack of 24),Null,https://m.media-amazon.com/images/I/71amiXqsqWS._AC_UL320_.jpg
Amazon Basic Care Naproxen Sodium Tablets. 300 Count,Null,https://m.media-amazon.com/images/I/71TDu1rY2WL._AC_UL320_.jpg
Amazon Basics Ergonomic Adjustable High-Back Mesh Chair with Flip-Up Arms and Headrest. Contoured Mesh Seat - Grey,$159.99,https://m.media-amazon.com/images/I/81c2GNf3yDS._AC_UL320_.jpg
Amazon Basics Ultrasonic Cool Mist Humidifier with Essential Oil Diffuser and Nightlight. Knob Control - 4 Liter. Black,$34.99,https://m.media-amazon.com/images/I/71n3DlokliL._AC_UL320_.jpg
Amazon Basics 15-Removable Compartment Professional Organizer,$17.80,https://m.media-amazon.com/images/I/71EgFhcNYrL._AC_UL320_.jpg
Amazon Basics ABS USB-A to Lightning Cable Cord. MFi Certified Charger for Apple iPhone. iPad. Midnight Green. 6-Ft,$7.99,https://m.media-amazon.com/images/I/61m0FVe5nLL._AC_UL320_.jpg
Amazon Basics Modern Armless Office Desk Chair - Height Adjustable. 360-Degree Swivel. 275Lb Capacity - White/Chrome,$75.99,https://m.media-amazon.com/images/I/61V4s1HVqUL._AC_UL320_.jpg
Amazon Basics Gaming Computer Mouse Pad - Black,$7.53,https://m.media-amazon.com/images/I/91G5CPWSLZL._AC_UL320_.jpg
Amazon Basics Non-Scratch Sponges. 6-Pack,$4.48,https://m.media-amazon.com/images/I/81mT+RDBWZL._AC_UL320_.jpg
Amazon Basics Kids Bedding Nap Set with Llama Pillow and Fleece Throw Blanket,$24.99,https://m.media-amazon.com/images/I/71JryAghqiL._AC_UL320_.jpg
Duracell Optimum AA Batteries | 18 Count Pack | Lasting Power Double A Battery | Resealable Package for Storage | Alkaline AA Battery Ideal for Household and Office Devices,$14.42,https://m.media-amazon.com/images/I/71x78cA0+1S._AC_UL320_.jpg
DELTA 79735-RB. 3.88 x 2.50 x 3.88 Inches. Venetian Bronze,$21.92,https://m.media-amazon.com/images/I/71TMrqkFqjL._AC_UL320_.jpg
Amazon Basics 10" Modern Metal Platform Bed with Wood Slat Support - Mattress Foundation - No Box Spring Needed. Queen,Null,https://m.media-amazon.com/images/I/71vrhOPmXLL._AC_UL320_.jpg
Amazon Basics 1500W Oscillating Ceramic Heater with Adjustable Thermostat. Silver,$30.38,https://m.media-amazon.com/images/I/81YuJHDIp6L._AC_UL320_.jpg
Amazon Basics 48-Piece General Household Home Repair and Mechanic's Hand Tool Kit Set,$33.65,https://m.media-amazon.com/images/I/810KeTS5OPL._AC_UL320_.jpg
Amazon Basics Professional USB Condenser Microphone with Volume Control and OLED Screen - Black,$97.50,https://m.media-amazon.com/images/I/61aCwunoTkL._AC_UL320_.jpg
Amazon Basics L-Shape Computer Desk with Shelves for Storage. 54.3 Inch. Espresso with Black Frame,Null,https://m.media-amazon.com/images/I/71fXDLIiSuL._AC_UL320_.jpg
Amazon Basics Vacuum Seal System. White,$49.99,https://m.media-amazon.com/images/I/71rmWjs-1LL._AC_UL320_.jpg
AmazonBasics 5-Shelf Shelving Storage Unit on 4'' Wheel Casters. Black (30L x 14W x 64.75H) & 3-Shelf Heavy Duty Shelving Storage Unit on 2' Wheel Casters. Black (23.2L x 13.4W x 32.75H),Null,https://m.media-amazon.com/images/I/613d2J0BVKS._AC_UL320_.jpg
Amazon Basics Cabinet Style Space Heater. Brown Wood Grain Finish. 1500W,$104.99,https://m.media-amazon.com/images/I/819o77ir4zL._AC_UL320_.jpg
Amazon Basics Tritan 22 Piece (11 Containers and 11 Lids) Locking Food Storage Container - Clear,$34.99,https://m.media-amazon.com/images/I/811RbXeLjNL._AC_UL320_.jpg
Amazon Basics - 128GB microSDXC Memory Card with Full Size Adapter. A2. U3. read speed up to 100 MB/s,$19.99,https://m.media-amazon.com/images/I/61+XcFyL8RL._AC_UL320_.jpg
Amazon Basics USB Type-C to USB-A Male 3.1 Gen2 Adapter Charger Cable - 3 Feet (0.9 Meters) - Black,$9.74,https://m.media-amazon.com/images/I/61nVxhz82AL._AC_UL320_.jpg
Amazon Basics Oven Safe Glass Baking and Food Storage Dish Set with BPA-Free Lids. Set of 3. Rectangle. Square and Round,$25.99,https://m.media-amazon.com/images/I/81A9VdwWZFL._AC_UL320_.jpg
Amazon Basics 36 Pack AAA High-Performance Alkaline Batteries. 10-Year Shelf Life. Easy to Open Value Pack,$10.99,https://m.media-amazon.com/images/I/71nDX36Y9UL._AC_UL320_.jpg
Amazon Basics Charging Station Dock for 4 Nintendo Switch Joy-con Controllers - 2.6 Foot Cable. Black,$16.76,https://m.media-amazon.com/images/I/71SQSraI7rL._AC_UL320_.jpg
Amazon Basics Wired Computer Keyboard and Wired Mouse . 10-Pack,$121.12,https://m.media-amazon.com/images/I/81Z882NR-ZL._AC_UL320_.jpg
Amazon Basics Kids Fleece Tail Blanket - 26'' x 56''. Blue Mermaid,$14.99,https://m.media-amazon.com/images/I/91KIiw6O0IL._AC_UL320_.jpg
Amazon Basics 5-Shelf Adjustable. Heavy Duty Storage Shelving Unit (350 lbs loading capacity per shelf). Steel Organizer Wire Rack. Black (36L x 14W x 72H),$71.47,https://m.media-amazon.com/images/I/71Xk6G0O7cL._AC_UL320_.jpg
Amazon Basic Care Ibuprofen Liquid Gels 200 mg. Pain Reliever/Fever Reducer (Liquid Filled Capsules). 160 Count,Null,https://m.media-amazon.com/images/I/71yEtXkI2uL._AC_UL320_.jpg
Amazon Basics Door Reinforcement Lock - 2-Pack. Brushed Nickel,$21.05,https://m.media-amazon.com/images/I/61WAXKfzN8L._AC_UL320_.jpg
Amazon Basics Waterproof Ski Boot Bag - 14 x 18 x 14.5 Inches. Black . . One-Size,$43.99,https://m.media-amazon.com/images/I/A13sJ0AGtLL._AC_UL320_.jpg
Amazon Basics Portable Foldable Photo Studio Box with LED Light - 25 x 30 x 25 Inches,$122.76,https://m.media-amazon.com/images/I/711x+T7smzL._AC_UL320_.jpg
Amazon Basics AB-BR840-FB Towel Bar-Standard. 24-Inch. Flat Black,$22.99,https://m.media-amazon.com/images/I/51c+cDXI-oL._AC_UL320_.jpg
Amazon Basics Heavy-Duty Extension Dual Arm. Full Motion Articulating TV Mount for 37-80 inch TVs up to 132 lbs. fits LED LCD OLED Flat Curved Screens,$85.84,https://m.media-amazon.com/images/I/81kAH4NrajL._AC_UL320_.jpg
Amazon Basics Kids Laughing Lions Patterned Throw Blanket with Stuffed Animal Lion,$22.99,https://m.media-amazon.com/images/I/81MMaAPTebL._AC_UL320_.jpg
Amazon Basics Wall-Mounted Recessed Electric Fireplace - 42-Inch. Black,Null,https://m.media-amazon.com/images/I/61Z4vA1MLEL._AC_UL320_.jpg
Bankers Box STOR/File Storage Boxes. Standard Set-Up. Lift-Off Lid. Letter/Legal. Case of 30 (0071304),$64.99,https://m.media-amazon.com/images/I/71HVl6WIVWL._AC_UL320_.jpg
Merten & Storck German Enameled Iron 1873 Aegean Teal Dutch Oven. 5.3QT,$159.99,https://m.media-amazon.com/images/I/71KeWLRIQSL._AC_UL320_.jpg
Casper Sleep Foam Pillow for Sleeping. King. White,$106.99,https://m.media-amazon.com/images/I/51HNrlYVXNL._AC_UL320_.jpg
Amazon Basics Sheer Window Panel Pair with Grommets - 50" x 95". Painterly Grid Grey and White,$29.99,https://m.media-amazon.com/images/I/91a+84Q6RXL._AC_UL320_.jpg
MaximalPower AA NiMH/Ni-Mh Rechargeable Battery 1600mAh Batteries Pack Count X 8,$13.24,https://m.media-amazon.com/images/I/51GJ68B9sCL._AC_UL320_.jpg
ZERLA Microfiber Glass Cleaning Cloths Streak Free - Lint Free - Quickly Clean Windows. Windshields. Mirrors. and Stainless Steel- 6 Pack,$13.99,https://m.media-amazon.com/images/I/71VgoJD-2hL._AC_UL320_.jpg
Energizer AAA Batteries (12 Count). Triple A Max Alkaline Battery,$9.99,https://m.media-amazon.com/images/I/81rgaoL91OL._AC_UL320_.jpg
Ergotech Heavy Duty Freedom Arm. Includes Single Aluminum Heavy Duty Articulating Arm. 20-30.8 lbs. Weight Capacity. Suitable for Monitors up to 27 inches. VESA Compatible 75×75. 100×100. Silver,$83.99,https://m.media-amazon.com/images/I/71i+DD6ddIL._AC_UL320_.jpg
Energizer AA Batteries Double A Max Alkaline Battery. 24 Count,$17.98,https://m.media-amazon.com/images/I/91WzVMFcrrL._AC_UL320_.jpg
Amazon Basics 3-Button USB Wired Computer Mouse (Black). 1-Pack,$10.63,https://m.media-amazon.com/images/I/61i0CV-tKpL._AC_UL320_.jpg
Amazon Basics iPhone Charger Cable. Nylon USB-A to Lightning. MFi Certified. for Apple iPhone. iPad. 10.000 Bend Lifespan - Rose Gold. 3-Ft,$12.99,https://m.media-amazon.com/images/I/61Jp00B7GGL._AC_UL320_.jpg
AmazonBasics Lighting to USB A Cable for iPhone and iPad - 10 Feet (3 Meters) - White,$11.99,https://m.media-amazon.com/images/I/613Wvm+VqKL._AC_UL320_.jpg
AmazonBasics Full Synthetic Motor Oil - 0W-20 - 5 Quart,Null,https://m.media-amazon.com/images/I/71Z2UNSggoL._AC_UL320_.jpg
Amazon Basics Hyper Repositionable and Refillable Adhesive,$9.02,https://m.media-amazon.com/images/I/717byFfi0bL._AC_UL320_.jpg
Amazon Basics Medium Duty Storage Shelving Single Post Press Board Shelf. 48 x 18 x 72 Inch. Aluminum,Null,https://m.media-amazon.com/images/I/61lehm5tN+L._AC_UL320_.jpg
Rayovac AA Batteries. Alkaline Double A Battery. 72 Count,$24.40,https://m.media-amazon.com/images/I/81HGbfCQndL._AC_UL320_.jpg
Office Chair. Ergonomic Mesh Home Office Computer Chair with Lumbar Support/Adjustable Headrest/Armrest and Wheels/Mesh High Back/Swivel Rolling (Black),$79.99,https://m.media-amazon.com/images/I/61BghqidDfL._AC_UL320_.jpg
Energizer MAX D Batteries. Premium Alkaline D Cell Batteries (12 Battery Count),$17.76,https://m.media-amazon.com/images/I/71Yqn81Vw6L._AC_UL320_.jpg
Amazon Basics Sheer Window Panel Pair with Grommets - 50" x 84". Classic Dark Grey,$23.99,https://m.media-amazon.com/images/I/8111jn9VS8L._AC_UL320_.jpg
Amazon Basics Neoprene Coated Dumbbell Hand Weight Set,$34.99,https://m.media-amazon.com/images/I/71CKTcwsLmL._AC_UL320_.jpg
AmazonBasics 5-Shelf Shelving Storage Unit on 4'' Wheel Casters . Chrome Silver (30L x 14W x 64.75H) & 3-Shelf Heavy Duty Shelving Storage Unit on 2' Wheel Casters. Chrome (23.2L x 13.4W x 32.75H),Null,https://m.media-amazon.com/images/I/41zsJ9vmI8S._AC_UL320_.jpg
Amazon Basics Cylinder Metal Base Table Lamp with LED Bulb - 6.5" x 6.5" x 11.7". Brushed Nickel,$21.14,https://m.media-amazon.com/images/I/71SWzfv0IcL._AC_UL320_.jpg
Amazon Basics Reversible Comforter Set. Full / Queen. Navy Rugby Stripes. Microfiber. Ultra-Soft,$34.99,https://m.media-amazon.com/images/I/81M-JetOqTL._AC_UL320_.jpg
Kasa Smart Light Switch HS200. Single Pole. Needs Neutral Wire. 2.4GHz Wi-Fi Light Switch Works with Alexa and Google Home. UL Certified. No Hub Required . White,$12.99,https://m.media-amazon.com/images/I/71nMzhO05jL._AC_UL320_.jpg
Amazon Basics 3.2 Quart Compact Multi-Functional Air Fryer,$59.99,https://m.media-amazon.com/images/I/71H8btY1jlL._AC_UL320_.jpg
Addington Park 31779 Cartagena Collection 6-Light Modern Chandelier with Glossy White Glass Shades. Dark Bronze Finish,$61.16,https://m.media-amazon.com/images/I/61zJKxrKQ6L._AC_UL320_.jpg
Sweet Home Collection 1800 Thread Count 21" DEEP Pocket Sheet Soft Egyptian Quality Brushed Microfiber Luxury Bedding Set with Flat. Fitted. 2 Pillow Cases. Extra Twin. Beige,$26.99,https://m.media-amazon.com/images/I/61FSR0emVtL._AC_UL320_.jpg
Household Essentials 311322 Hanging Shoe Storage Organizer for Closets |10 Pocket Shelves | Natural Canvas,$17.29,https://m.media-amazon.com/images/I/412V295NazL._AC_UL320_.jpg
RESPECT SOCIAL DISTANCING BACK & FRONT T-Shirt,$19.99,https://m.media-amazon.com/images/I/71PMiCLhatL._AC_UL320_.jpg
Amazon Basics 2-inch 4-Digit Combination Padlock. Black. 1-Pack,$10.49,https://m.media-amazon.com/images/I/618vuDbuiGL._AC_UL320_.jpg
Amazon Basic Care Nite Time Cold Flu Relief Softgels. Pain Reliever. Fever Reducer. Cough Suppressant Antihistamine. 48 Count,Null,https://m.media-amazon.com/images/I/811nRVjs45L._AC_UL320_.jpg
Amazon Basics 12 Sheet Micro-Cut Paper.Credit card and CD Shredder for Office/Home,$114.00,https://m.media-amazon.com/images/I/61sRMfhBhRL._AC_UL320_.jpg
Amazon Basics Fun and Playful Butterfly Friends Kids Microfiber Bathroom Shower Curtain - Butterfly Friends. 72 Inch,$5.37,https://m.media-amazon.com/images/I/918pSI9U7CL._AC_UL320_.jpg
Amazon Basics Hard Shell Carry and Storage Case for Nintendo NES Classic - 8 x 8 x 3 Inches. Black,$17.99,https://m.media-amazon.com/images/I/91KQXx13bEL._AC_UL320_.jpg
Amazon Basics Basic Duty Storage/Filing Boxes with Lift-Off Lid - Legal/Letter Size. 20-Pack,$54.50,https://m.media-amazon.com/images/I/71Gj+pinOqL._AC_UL320_.jpg
Bosch 72230WS / F00E369840 Workshop Engine Oil Filter,$8.75,https://m.media-amazon.com/images/I/81WuuGvUnCL._AC_UL320_.jpg
Deco 79 Accent Table. 20" L x 20" W x 25" H. White,$99.99,https://m.media-amazon.com/images/I/91NUUQDKNqS._AC_UL320_.jpg
ACDelco Professional PF2259F Engine Oil Filter,$13.90,https://m.media-amazon.com/images/I/61j7SUpSVOL._AC_UL320_.jpg
Popular Bath Waffle Weave. 17"x 36" with Pillow. Grey,$9.04,https://m.media-amazon.com/images/I/81zRaqtm-KL._AC_UL320_.jpg
Amazon Basics AMZN-HD200-C Heavy Duty Filtration 1" Inlet and Outlet | Equivalent to Culligan WH-HD200-C Whole Water Filter Housing. Blue,$79.49,https://m.media-amazon.com/images/I/61SB7GLJTIL._AC_UL320_.jpg
Amazon Basics 6 Outlet. Wall Mount Surge Protector. Power Strip. 2 USB ports 3.4A. 1080 Joules,$14.99,https://m.media-amazon.com/images/I/51BEN7wlRJL._AC_UL320_.jpg
Amazon Basics USB 2.0 Cable - A-Male to Mini-B Cord - 6 Feet (1.8 Meters)Black- 1-Pack,$6.94,https://m.media-amazon.com/images/I/618b8Xq+hXL._AC_UL320_.jpg
Amazon Basics Games Case Pack. Fruit & Veggie Domino (Gradient). Balancing Monkeys. Balancing Boat. Tower Tumbling. Balancing Cactus,$40.56,https://m.media-amazon.com/images/I/614K65YEyiL._AC_UL320_.jpg
Amazon Basics Fast Charging 60W USB-C2.0 to USB-A Cable (USB-IF Certified) - 6-Foot. White (2-Pack),$10.99,https://m.media-amazon.com/images/I/61dTiWocC8L._AC_UL320_.jpg
Amazon Basics Controller Battery Pack Charger For Xbox One S Console - White (Not compatible with Xbox One S All-Digital Edition Console),$22.21,https://m.media-amazon.com/images/I/710EKJiiB6L._AC_UL320_.jpg
Bosch 3325 Premium FILTECH Oil Filter for Select Lexus. Pontiac. Scion. Suzuki. Toyota + More. Black,$8.96,https://m.media-amazon.com/images/I/61zZpX0P+kL._AC_UL320_.jpg
Circleware Circles Drinking Glasses. Set of 4. 17 Ounce,$14.99,https://m.media-amazon.com/images/I/81FOdCLMHYL._AC_UL320_.jpg
Soiree Double Old Fashioned Whiskey Glasses. Set of 6. 15 oz. Clear,$27.39,https://m.media-amazon.com/images/I/71xjFBelvFL._AC_UL320_.jpg
I PAUSED MY GAME TO BE HERE T-Shirt,$19.99,https://m.media-amazon.com/images/I/71hj2R8ZdQL._AC_UL320_.jpg
Amazon Basics Stainless Steel Fast. Portable Electric Hot Water Kettle for Tea and Coffee. 1.7-Liter. Silver,$28.99,https://m.media-amazon.com/images/I/71VtYAoa5mL._AC_UL320_.jpg
Amazon Basics Office Tape - 6-Pack,$9.99,https://m.media-amazon.com/images/I/618zkqJdI4L._AC_UL320_.jpg
Amazon Basics iPhone Charger Cable. ABS USB-A to Lightning. MFi Certified. for Apple iPhone. iPad. 10.000 Bend Lifespan - Midnight Green. 6-Ft,$8.99,https://m.media-amazon.com/images/I/61I7yJx8JZL._AC_UL320_.jpg
Amazon Basics Replacement Power Cable for PS4 Slim and Xbox One S / X - 6 Foot Cord. Black & Computer Monitor TV Replacement Power Cord - 3-Foot. Black,$15.48,https://m.media-amazon.com/images/I/41ThhgYeAdS._AC_UL320_.jpg
Amazon Basics Straight Top Ring Cabinet Knob. 1.25-inch Diameter. Oil Rubbed Bronze. 25-Pack & Rounded Foot Cabinet Handle. 4.63-inch Length (3-inch Hole Center). Oil Rubbed Bronze. 10-Pack,Null,https://m.media-amazon.com/images/I/61AhYES97KL._AC_UL320_.jpg
AmazonBasics 3-Button USB Wired Computer Mouse (Black). 1-Pack Bundle with AmazonBasics High-Speed 4K HDMI Cable - 6 Feet,$17.62,https://m.media-amazon.com/images/I/31aw-uLDJyL._AC_UL320_.jpg
Amazon Basics Classic Office Desk Computer Chair - Adjustable. Swiveling. Ultra-Soft Microfiber - Light Gray. Lumbar Support,$120.00,https://m.media-amazon.com/images/I/816SYA9gmwL._AC_UL320_.jpg
Amazon Basic Care Advantage Care Electrolyte Solution with Prevital Prebiotics. Cherry Punch. Hydration Drink. Replenish Electrolytes. Fluid & Zinc. 33.8 Fluid Ounces,Null,https://m.media-amazon.com/images/I/71EqGVtqG-L._AC_UL320_.jpg
Amazon Basics Polycarbonate Office Carpet Chair Mat. for Thick Carpets. 47" x 59",Null,https://m.media-amazon.com/images/I/612f3a7Ap8L._AC_UL320_.jpg
Amazon Basics 8-Sheet Strip-Cut Paper. CD. and Credit Card Shredder,$31.49,https://m.media-amazon.com/images/I/81HM1ZlI23L._AC_UL320_.jpg
Fruit of the Loom Men's Sofspun Fleece Open Bottom Sweatpants,$25.98,https://m.media-amazon.com/images/I/81k0tgmvf7L._AC_UL320_.jpg
Amazon Basics Latex Resistance Band - 600mm. 5-Piece Set,$11.07,https://m.media-amazon.com/images/I/71LYM8NuasL._AC_UL320_.jpg
PowerTrust AA AAA Battery Charger with USB Cable for Ni-MH AA AAA Rechargeable Batteries,Null,https://m.media-amazon.com/images/I/61mRr1SSkZL._AC_UL320_.jpg
Amazon Basics Universal Travel Case Organizer for Small Electronics and Accessories. Black & Small Hard Shell Carrying Case for My Passport Essential External Hard Drive,Null,https://m.media-amazon.com/images/I/61PCyHvmZrS._AC_UL320_.jpg
Amazon Basics Fine Motor Creative Lacing Board. 4-Pack,$39.15,https://m.media-amazon.com/images/I/51nWbYtJJ0L._AC_UL320_.jpg
Amazon Basics 1.6-Quart Tritan Carafe with Lid,$18.99,https://m.media-amazon.com/images/I/717p86TLL0L._AC_UL320_.jpg
